-- phpMyAdmin SQL Dump
-- version 4.5.1
-- http://www.phpmyadmin.net
--
-- Host: 127.0.0.1
-- Generation Time: Nov 26, 2017 at 01:59 PM
-- Server version: 10.1.16-MariaDB
-- PHP Version: 7.0.9

SET SQL_MODE = "NO_AUTO_VALUE_ON_ZERO";
SET time_zone = "+00:00";


/*!40101 SET @OLD_CHARACTER_SET_CLIENT=@@CHARACTER_SET_CLIENT */;
/*!40101 SET @OLD_CHARACTER_SET_RESULTS=@@CHARACTER_SET_RESULTS */;
/*!40101 SET @OLD_COLLATION_CONNECTION=@@COLLATION_CONNECTION */;
/*!40101 SET NAMES utf8mb4 */;

--
-- Database: `bitfum_api`
--

-- --------------------------------------------------------

--
-- Table structure for table `migrations`
--

CREATE TABLE `migrations` (
  `id` int(10) UNSIGNED NOT NULL,
  `migration` varchar(191) COLLATE utf8mb4_unicode_ci NOT NULL,
  `batch` int(11) NOT NULL
) ENGINE=InnoDB DEFAULT CHARSET=utf8mb4 COLLATE=utf8mb4_unicode_ci;

--
-- Dumping data for table `migrations`
--

INSERT INTO `migrations` (`id`, `migration`, `batch`) VALUES
(13, '2014_10_12_000000_create_users_table', 1),
(14, '2014_10_12_100000_create_password_resets_table', 1),
(15, '2017_11_26_084111_create_products_table', 1),
(16, '2017_11_26_084424_create_reviews_table', 1);

-- --------------------------------------------------------

--
-- Table structure for table `password_resets`
--

CREATE TABLE `password_resets` (
  `email` varchar(191) COLLATE utf8mb4_unicode_ci NOT NULL,
  `token` varchar(191) COLLATE utf8mb4_unicode_ci NOT NULL,
  `created_at` timestamp NULL DEFAULT NULL
) ENGINE=InnoDB DEFAULT CHARSET=utf8mb4 COLLATE=utf8mb4_unicode_ci;

-- --------------------------------------------------------

--
-- Table structure for table `products`
--

CREATE TABLE `products` (
  `id` int(10) UNSIGNED NOT NULL,
  `name` varchar(191) COLLATE utf8mb4_unicode_ci NOT NULL,
  `details` text COLLATE utf8mb4_unicode_ci NOT NULL,
  `discount` int(11) NOT NULL,
  `price` int(11) NOT NULL,
  `stock` int(11) NOT NULL,
  `created_at` timestamp NULL DEFAULT NULL,
  `updated_at` timestamp NULL DEFAULT NULL
) ENGINE=InnoDB DEFAULT CHARSET=utf8mb4 COLLATE=utf8mb4_unicode_ci;

--
-- Dumping data for table `products`
--

INSERT INTO `products` (`id`, `name`, `details`, `discount`, `price`, `stock`, `created_at`, `updated_at`) VALUES
(1, 'Jeanne McClure', 'Quia sapiente eius possimus quasi corrupti. Qui eos mollitia in est.', 17, 874, 8, '2017-11-26 07:27:44', '2017-11-26 07:27:44'),
(2, 'Gretchen Hermiston', 'Dolorem nemo eum autem dicta aperiam. Aspernatur voluptas id ipsum iusto dolore ut et. Culpa itaque velit quos voluptas. Qui corrupti corrupti repellat autem dignissimos sint doloribus.', 6, 195, 1, '2017-11-26 07:27:44', '2017-11-26 07:27:44'),
(3, 'Dr. Peyton Schinner', 'Maxime omnis est et rem fuga aut. Dolores aliquid libero rerum perspiciatis iure autem esse. Ipsum veritatis cumque sint consequatur. Voluptatem itaque ad dolorem qui.', 20, 356, 6, '2017-11-26 07:27:44', '2017-11-26 07:27:44'),
(4, 'Mrs. Elenor Kuhn Sr.', 'Voluptas dicta reprehenderit maiores ut. Veniam unde iusto eveniet minima et. Magni quo quisquam laborum mollitia. Sed ut est quod sit labore sed sint harum.', 20, 611, 6, '2017-11-26 07:27:44', '2017-11-26 07:27:44'),
(5, 'Louie Runolfsson', 'Suscipit provident qui nihil ducimus voluptas qui. Fugit in quasi eos quod quo. Pariatur tempore est vero sunt ad iusto voluptas. Ut accusantium recusandae pariatur voluptatem accusamus voluptatem est.', 30, 656, 1, '2017-11-26 07:27:44', '2017-11-26 07:27:44'),
(6, 'Nyah Bauch', 'Qui omnis eveniet quod mollitia ipsa pariatur aperiam. Ex illum aut nam cum.', 29, 923, 5, '2017-11-26 07:27:44', '2017-11-26 07:27:44'),
(7, 'Prof. Otilia McKenzie', 'Tenetur rerum reprehenderit nobis neque natus voluptatem. Quae culpa aut aliquid accusantium. Et maiores earum quia delectus quia exercitationem est. Ut nobis ut saepe sapiente maxime.', 27, 794, 6, '2017-11-26 07:27:44', '2017-11-26 07:27:44'),
(8, 'Layla Connelly', 'Sint et voluptatibus atque eos beatae eos. Et suscipit ut temporibus et earum. Dolorum nihil deleniti eum quaerat cumque omnis inventore.', 25, 174, 3, '2017-11-26 07:27:44', '2017-11-26 07:27:44'),
(9, 'Ms. Anabel Jones', 'Reiciendis unde commodi velit et maxime rem rerum. Officia omnis dicta iusto. Molestias alias omnis aut explicabo enim. Mollitia qui ducimus quia aliquid cupiditate.', 29, 973, 0, '2017-11-26 07:27:44', '2017-11-26 07:27:44'),
(10, 'Dr. Dayne Pagac II', 'Qui facere eum voluptatem a. Atque molestiae distinctio molestiae et. Quam quae illum non.', 17, 875, 2, '2017-11-26 07:27:44', '2017-11-26 07:27:44'),
(11, 'Karen Reichert MD', 'Sit tempora tempora officia. Quam esse labore quae temporibus dignissimos eos. Vel ex quod aperiam officia. Sunt officiis et laudantium.', 30, 490, 4, '2017-11-26 07:27:44', '2017-11-26 07:27:44'),
(12, 'Jamaal Block', 'Non quo et error itaque laboriosam veritatis modi. Occaecati nisi qui fugiat distinctio. Saepe ut nemo eos voluptas doloribus. Assumenda quis voluptatum deleniti aut.', 20, 100, 6, '2017-11-26 07:27:44', '2017-11-26 07:27:44'),
(13, 'Nyasia Gutkowski', 'Iure alias quidem tempore amet qui nesciunt qui. Tenetur molestiae necessitatibus distinctio in. Labore veniam illum eos eaque magni dolore.', 28, 510, 5, '2017-11-26 07:27:44', '2017-11-26 07:27:44'),
(14, 'Dr. Andreanne Pfannerstill V', 'Tempore labore nulla laboriosam. Consequuntur quia expedita laboriosam facere illo sequi eveniet. Quo eligendi sit quia iste enim eos placeat.', 20, 665, 4, '2017-11-26 07:27:45', '2017-11-26 07:27:45'),
(15, 'Barney Kreiger Sr.', 'Minima sit iusto accusamus aut est quisquam. Laborum illum tempora rem repudiandae est alias aliquam. Aut saepe nulla deserunt repellat omnis.', 10, 185, 8, '2017-11-26 07:27:45', '2017-11-26 07:27:45'),
(16, 'Prof. Delta Hamill', 'Doloribus numquam voluptatem quia maxime. Veritatis et exercitationem cumque et maxime ut. Dignissimos magni tempore provident aliquid eum sit non. Velit aut eos enim qui consequatur amet. Ut odit voluptates rerum ut deleniti minima.', 10, 136, 6, '2017-11-26 07:27:45', '2017-11-26 07:27:45'),
(17, 'Mr. Reginald Bechtelar DVM', 'Est modi placeat praesentium commodi expedita. Delectus molestiae error et aut aut autem. Doloremque vel dolor laudantium aut perspiciatis sunt.', 28, 894, 1, '2017-11-26 07:27:45', '2017-11-26 07:27:45'),
(18, 'Ms. Duane Adams DDS', 'Ipsam dolorem tempora consectetur ea. Qui aut rerum aut consequuntur ad. Aspernatur necessitatibus ut dignissimos. Et eligendi delectus animi ut.', 28, 482, 7, '2017-11-26 07:27:45', '2017-11-26 07:27:45'),
(19, 'Kaden Kassulke', 'Aliquid perspiciatis itaque amet animi quam. Exercitationem quisquam ut velit ut aut eos. Ut rerum quo aut. Aliquam eum est aperiam quo.', 7, 404, 6, '2017-11-26 07:27:45', '2017-11-26 07:27:45'),
(20, 'Gabriella Morar', 'Rerum ducimus cum non sed dolorem nulla animi. Suscipit consequatur repudiandae earum neque rerum animi reiciendis. Provident quaerat voluptatibus nobis facilis impedit.', 21, 275, 5, '2017-11-26 07:27:45', '2017-11-26 07:27:45'),
(21, 'Ova Schneider', 'Accusamus labore accusantium aut tenetur magnam reprehenderit. Incidunt et placeat molestiae qui architecto iure iure. Sunt veniam laborum voluptatum dolorem. Numquam error quo unde quae.', 2, 274, 8, '2017-11-26 07:27:45', '2017-11-26 07:27:45'),
(22, 'Heather Lesch', 'Mollitia illo qui voluptatem iusto. Dolore neque sed ipsa voluptates libero nulla. Omnis eum ullam nihil.', 28, 579, 9, '2017-11-26 07:27:45', '2017-11-26 07:27:45'),
(23, 'Paige Batz', 'Commodi ab alias earum omnis qui et voluptatem. Laboriosam atque amet delectus ut. Pariatur consequatur aliquid natus occaecati sint. Similique fugit dolorem rerum atque voluptatem et magni in.', 30, 357, 0, '2017-11-26 07:27:45', '2017-11-26 07:27:45'),
(24, 'Leonard Runolfsdottir', 'Nobis possimus ex optio provident hic. Eos eum laudantium harum dolores. Numquam accusantium voluptas tempora deserunt sunt. Autem dolorum quam consectetur rerum optio.', 16, 495, 2, '2017-11-26 07:27:45', '2017-11-26 07:27:45'),
(25, 'Prof. Sheldon Mann', 'Non impedit ea error omnis sint illo. Dolorem et accusantium dolores cupiditate a quasi molestias.', 11, 235, 0, '2017-11-26 07:27:45', '2017-11-26 07:27:45'),
(26, 'Miss Lulu Witting', 'Blanditiis dolore odit et. Voluptas repellendus optio est totam incidunt est. Est commodi consequuntur sed quis architecto nisi ducimus. Ut est deserunt quia explicabo culpa cupiditate laudantium.', 19, 850, 3, '2017-11-26 07:27:45', '2017-11-26 07:27:45'),
(27, 'Ike Christiansen Sr.', 'Ipsum omnis ipsa quia eos et optio. Quia quos mollitia molestiae et eaque qui quod sit. Quia dolores consectetur voluptatem non debitis temporibus. Consequuntur ut nemo fugit.', 6, 135, 6, '2017-11-26 07:27:45', '2017-11-26 07:27:45'),
(28, 'Mrs. Kali Auer', 'Officiis est asperiores consequatur ut recusandae. Hic eveniet et et labore ut incidunt. Beatae ea et omnis nisi dolorem culpa. Aut atque aspernatur ut facilis aut.', 17, 511, 7, '2017-11-26 07:27:45', '2017-11-26 07:27:45'),
(29, 'Vella Bruen', 'Temporibus voluptatum sunt eveniet quidem voluptatem et. Expedita rerum vel ullam esse delectus. Ullam tempore nemo magnam ex ea consequatur. Id aut quisquam et et consequuntur.', 21, 561, 6, '2017-11-26 07:27:45', '2017-11-26 07:27:45'),
(30, 'Braxton Schaefer', 'In animi a nesciunt sapiente sit a. Dolor harum veritatis sunt nisi molestiae hic modi. Perferendis et non nihil voluptates cumque occaecati. Est et cupiditate cum doloremque molestiae aut.', 11, 303, 9, '2017-11-26 07:27:45', '2017-11-26 07:27:45'),
(31, 'Richmond Kerluke', 'Nesciunt cum est sit porro. Rerum aut nihil qui corrupti et vitae. Commodi deserunt voluptatibus sed laborum quasi.', 7, 359, 1, '2017-11-26 07:27:45', '2017-11-26 07:27:45'),
(32, 'Shirley Brakus', 'Magni fuga modi quis velit. Atque quae tenetur ullam libero. Minima hic incidunt culpa provident recusandae. Eum quasi perspiciatis saepe temporibus dignissimos architecto. Ut necessitatibus id a veniam in.', 20, 568, 4, '2017-11-26 07:27:45', '2017-11-26 07:27:45'),
(33, 'Jalon Stoltenberg', 'Enim aut est tenetur non culpa molestias. Labore excepturi provident rerum perferendis. Harum sed quaerat blanditiis sunt quaerat. Illum sit et sit consequatur velit vitae officiis.', 14, 500, 0, '2017-11-26 07:27:45', '2017-11-26 07:27:45'),
(34, 'Randal Kerluke', 'Nisi ullam expedita veritatis asperiores consequatur. Repellendus atque aut laborum aut excepturi dolorem at. Voluptatum rerum et expedita sapiente quia sint pariatur.', 4, 444, 1, '2017-11-26 07:27:45', '2017-11-26 07:27:45'),
(35, 'Keira Koss', 'Possimus et dignissimos est architecto consequatur et saepe iste. Recusandae omnis quo et non est eum. Sit animi ut iure minus aliquid. Et asperiores et est.', 11, 306, 6, '2017-11-26 07:27:45', '2017-11-26 07:27:45'),
(36, 'Jacey Mertz', 'Qui nihil fugit nesciunt sit sapiente commodi eligendi. Amet molestias et consequuntur repudiandae aut blanditiis. Excepturi qui qui tempora corrupti assumenda. Et corrupti illum voluptatem eum ab consequatur.', 18, 896, 4, '2017-11-26 07:27:46', '2017-11-26 07:27:46'),
(37, 'Chad Schulist', 'Sint repellat maiores quibusdam. Commodi minus ducimus ratione distinctio sit dolores est consectetur. Quis omnis velit blanditiis praesentium quam ut.', 25, 785, 6, '2017-11-26 07:27:46', '2017-11-26 07:27:46'),
(38, 'Scotty Stokes', 'Eligendi velit sunt suscipit aliquam consequuntur rerum. Totam aut dolor eaque ipsa. Porro voluptas placeat voluptatibus aut. Deserunt repudiandae neque qui sunt et nesciunt ut magnam.', 7, 143, 0, '2017-11-26 07:27:46', '2017-11-26 07:27:46'),
(39, 'Vicenta Brown', 'Ut est dolores aut dolores sit et dignissimos. Illum cupiditate labore provident maxime vitae. Mollitia debitis dicta minima. Est tempore ullam laboriosam id nesciunt voluptate dolorem deleniti. Voluptate aperiam expedita dolor omnis voluptatibus.', 20, 669, 8, '2017-11-26 07:27:46', '2017-11-26 07:27:46'),
(40, 'Yvette Hayes', 'Quisquam qui quas nam a voluptatum. Quisquam consequatur voluptas consectetur aspernatur distinctio temporibus ut. In ea quisquam itaque aut et.', 19, 908, 5, '2017-11-26 07:27:46', '2017-11-26 07:27:46'),
(41, 'Junior Braun', 'Commodi dolor ullam enim omnis est aspernatur. Cum est aut fuga dolorum. Distinctio delectus dolores dolor tempore qui nemo quos. Velit iusto id aut.', 3, 435, 0, '2017-11-26 07:27:46', '2017-11-26 07:27:46'),
(42, 'Ms. Kristina Krajcik Sr.', 'Impedit quo recusandae eum ad ratione id dolores. Quia et dignissimos quo eos rerum expedita ea facilis. Nostrum voluptate eos ratione.', 6, 636, 3, '2017-11-26 07:27:46', '2017-11-26 07:27:46'),
(43, 'Buster Wilderman', 'Veritatis ipsum possimus qui et. Itaque dignissimos quidem quod voluptas corporis aut molestiae. Quod ut molestias sunt autem praesentium voluptas. Qui suscipit iure porro consectetur est.', 26, 591, 3, '2017-11-26 07:27:46', '2017-11-26 07:27:46'),
(44, 'Elliott Hand', 'Labore officiis veniam debitis et. Tenetur sit numquam velit vero ut. Aliquam laudantium esse vel. Voluptas architecto est porro illum iste ab.', 9, 783, 1, '2017-11-26 07:27:46', '2017-11-26 07:27:46'),
(45, 'Olen Kihn', 'Ea earum ipsam cum voluptatem dolor libero. Velit doloremque porro necessitatibus qui. Et mollitia esse est omnis eos ut aliquid.', 2, 453, 2, '2017-11-26 07:27:46', '2017-11-26 07:27:46'),
(46, 'Elissa Orn', 'Voluptatem facere fugiat soluta et vel unde. Saepe hic hic eaque nihil ut omnis repudiandae culpa. Quae harum aliquam nihil quo sit deserunt consequatur.', 24, 313, 6, '2017-11-26 07:27:46', '2017-11-26 07:27:46'),
(47, 'King Pagac', 'Neque soluta omnis facilis sit molestiae eius enim voluptatem. Porro nemo sint eos architecto. Et ut quia voluptates natus. Numquam et rerum tempore ea. Consequatur eveniet autem dolorem et.', 24, 247, 5, '2017-11-26 07:27:46', '2017-11-26 07:27:46'),
(48, 'Wade Anderson', 'Voluptatem vel consequatur doloremque adipisci velit delectus. Nisi consequatur repellendus mollitia et quisquam. Voluptate nihil quidem omnis ullam labore consectetur. Qui aut esse suscipit.', 12, 621, 6, '2017-11-26 07:27:46', '2017-11-26 07:27:46'),
(49, 'Stephanie Hartmann', 'Voluptatum asperiores quia numquam ut aut. Illo adipisci minima non. Qui expedita explicabo quae quod qui alias explicabo.', 20, 332, 0, '2017-11-26 07:27:46', '2017-11-26 07:27:46'),
(50, 'Mrs. Holly Cartwright', 'Aperiam laudantium nobis consequuntur quidem inventore vel. Pariatur minima qui corporis ut atque excepturi sit. Aspernatur corrupti est in ipsa recusandae rerum alias. Numquam sed omnis perspiciatis nesciunt impedit voluptatem.', 28, 460, 2, '2017-11-26 07:27:46', '2017-11-26 07:27:46');

-- --------------------------------------------------------

--
-- Table structure for table `reviews`
--

CREATE TABLE `reviews` (
  `id` int(10) UNSIGNED NOT NULL,
  `product_id` int(10) UNSIGNED NOT NULL,
  `reviews` text COLLATE utf8mb4_unicode_ci,
  `star` int(11) NOT NULL,
  `customer` varchar(191) COLLATE utf8mb4_unicode_ci NOT NULL,
  `created_at` timestamp NULL DEFAULT NULL,
  `updated_at` timestamp NULL DEFAULT NULL
) ENGINE=InnoDB DEFAULT CHARSET=utf8mb4 COLLATE=utf8mb4_unicode_ci;

--
-- Dumping data for table `reviews`
--

INSERT INTO `reviews` (`id`, `product_id`, `reviews`, `star`, `customer`, `created_at`, `updated_at`) VALUES
(1, 6, 'Aspernatur aut libero odio nulla quia. Blanditiis iste sunt sed ipsum placeat voluptatibus non. Tenetur maxime et doloremque repellendus.', 2, 'Briana Heidenreich', '2017-11-26 07:27:47', '2017-11-26 07:27:47'),
(2, 33, 'Recusandae nemo quia sint in molestias. Aperiam voluptas quod est voluptas magni. Consequatur doloremque maiores beatae quas magni commodi. Illo earum molestiae ratione nulla et libero molestiae est. Ad totam illo ut ipsa quis id eaque.', 0, 'Miss Marilie Kiehn III', '2017-11-26 07:27:47', '2017-11-26 07:27:47'),
(3, 38, 'Corporis eos quae eum minima. Provident nostrum architecto doloribus qui. Omnis modi cum vero facilis debitis voluptas velit.', 2, 'Joshua Sporer', '2017-11-26 07:27:47', '2017-11-26 07:27:47'),
(4, 10, 'Earum sint voluptatem et quibusdam consequatur. Voluptas nisi voluptatem quam aut. Voluptatum et voluptatem vero. Rem consectetur atque quam consequatur.', 3, 'Terry Howe Jr.', '2017-11-26 07:27:47', '2017-11-26 07:27:47'),
(5, 2, 'Non non magni officiis omnis ut. Corrupti quo reiciendis labore rem et accusamus expedita voluptatum. Accusamus aut dolorem quo et. Consequatur in dicta vero quod sapiente sint quo.', 1, 'Vincent Ryan', '2017-11-26 07:27:47', '2017-11-26 07:27:47'),
(6, 11, 'Molestias consequuntur sequi non ut praesentium cupiditate quasi ducimus. Voluptatem iste est velit veritatis veniam rem sequi. Ab harum quis nostrum debitis omnis vel quia. Vel aut eveniet ut voluptatum et.', 2, 'Mrs. Jordane Hudson IV', '2017-11-26 07:27:47', '2017-11-26 07:27:47'),
(7, 36, 'Molestias illo voluptatum quod et optio sint eius. Eos fugiat libero eos ab velit laboriosam at. Quis et odio labore sint culpa. Nisi nostrum voluptas quia.', 0, 'Fern McClure', '2017-11-26 07:27:47', '2017-11-26 07:27:47'),
(8, 2, 'Nam eos rerum nihil quisquam voluptates. Voluptatibus ullam autem vero hic aut ea nisi. Exercitationem quos tenetur omnis voluptas dolorem dolores voluptates.', 1, 'Prof. Milton Jakubowski', '2017-11-26 07:27:47', '2017-11-26 07:27:47'),
(9, 39, 'Magnam nostrum fugit nihil. Ipsa facere ut non iusto aut. Eaque consequatur autem ipsa et unde eaque voluptatem.', 4, 'Kaycee Gulgowski', '2017-11-26 07:27:47', '2017-11-26 07:27:47'),
(10, 35, 'Deserunt dolorum et adipisci dolores blanditiis at quas inventore. Consequatur sint aut nihil. Maxime ad rem perferendis dolorem. Atque consequuntur et aut et quisquam consequuntur.', 0, 'Sarah Lakin', '2017-11-26 07:27:47', '2017-11-26 07:27:47'),
(11, 27, 'Vel qui aut quidem quibusdam. Consequatur non quos quo ut. Omnis voluptas quidem ea.', 3, 'Vince Raynor', '2017-11-26 07:27:47', '2017-11-26 07:27:47'),
(12, 22, 'Quis fugit laborum voluptates a. Possimus quod quisquam distinctio. Optio fuga inventore eius illo autem. Autem nihil nulla consequatur ut ratione magnam.', 3, 'Jody Weber', '2017-11-26 07:27:47', '2017-11-26 07:27:47'),
(13, 35, 'Qui repellat et maiores in quia. Aut ullam tempore saepe eum nemo alias. Id ea voluptatum omnis cumque est soluta dolorem quia. Minima rerum a earum dolorem eius sunt accusamus.', 4, 'Mikayla Hills II', '2017-11-26 07:27:47', '2017-11-26 07:27:47'),
(14, 10, 'Et est numquam accusamus ut nihil porro. Repudiandae similique adipisci voluptatem dolore ut et eum. Illo eos voluptas quae fugit beatae.', 5, 'Mr. Raleigh Crooks', '2017-11-26 07:27:47', '2017-11-26 07:27:47'),
(15, 9, 'Et dicta dolorem labore nisi. Rerum repudiandae pariatur iste non reprehenderit enim. Occaecati officiis aliquam libero sed voluptate aut. Ad omnis ea et sit eaque eveniet.', 5, 'Yvonne Dicki', '2017-11-26 07:27:47', '2017-11-26 07:27:47'),
(16, 34, 'Magnam recusandae dolores voluptas debitis earum saepe natus. Aut nemo expedita dolores aspernatur. Hic reiciendis accusantium doloremque possimus aspernatur autem.', 4, 'Destinee Morar PhD', '2017-11-26 07:27:47', '2017-11-26 07:27:47'),
(17, 25, 'Hic dolor magni eum repellendus earum est. Veritatis in saepe facere sequi non. Quos sequi et placeat aut ad illum in rem.', 0, 'Vernice Nikolaus', '2017-11-26 07:27:47', '2017-11-26 07:27:47'),
(18, 17, 'Quod enim odio ab. Quibusdam iusto est et. Recusandae sit sequi et. Temporibus iusto sint ut excepturi sapiente.', 1, 'Mr. Abe Kiehn Sr.', '2017-11-26 07:27:47', '2017-11-26 07:27:47'),
(19, 16, 'Placeat sint perferendis qui autem sit et aut. Suscipit minus amet beatae magnam. Impedit aspernatur voluptate enim beatae omnis laudantium. Facilis sed voluptatem quibusdam unde repellendus magnam.', 0, 'Thora Rohan', '2017-11-26 07:27:47', '2017-11-26 07:27:47'),
(20, 34, 'Et quas veniam itaque mollitia voluptas reprehenderit illum. Ducimus ab sed quis aut non. Adipisci neque nulla nemo sunt delectus nemo voluptatem.', 0, 'Ms. Kattie Cummerata', '2017-11-26 07:27:48', '2017-11-26 07:27:48'),
(21, 38, 'Necessitatibus et at ex voluptas est error. Blanditiis vitae tempore soluta quis. Qui reiciendis repudiandae facere perferendis inventore. Hic voluptatibus debitis voluptas nulla.', 1, 'Maudie Durgan V', '2017-11-26 07:27:48', '2017-11-26 07:27:48'),
(22, 11, 'Eius nemo ipsum omnis. Sunt voluptas tenetur eum voluptatem nobis est pariatur. Et tenetur beatae quod modi molestiae dolore qui. Est quod et qui rerum.', 3, 'Linnie McKenzie Sr.', '2017-11-26 07:27:48', '2017-11-26 07:27:48'),
(23, 17, 'Veritatis quibusdam omnis nobis at. Voluptatem dolorem explicabo dolorum mollitia mollitia quidem natus. Voluptas autem dolores id quasi autem quo et. Repellendus rerum earum quisquam rerum iure culpa nihil rerum.', 1, 'Camren Becker', '2017-11-26 07:27:48', '2017-11-26 07:27:48'),
(24, 26, 'Error eligendi est quibusdam aut autem. Rem sed voluptate ut consequatur inventore molestiae aliquid. Voluptas incidunt ut ipsum corporis facilis sint.', 1, 'Kayden Kulas', '2017-11-26 07:27:48', '2017-11-26 07:27:48'),
(25, 42, 'Aut est dolor error nihil molestias animi nostrum delectus. In voluptatum nobis aperiam et blanditiis omnis et. Ab ipsum est alias et. Dicta facere esse quibusdam voluptas eum.', 4, 'Nyasia Treutel', '2017-11-26 07:27:48', '2017-11-26 07:27:48'),
(26, 13, 'Et ratione inventore hic qui asperiores reprehenderit molestias. Fuga provident et necessitatibus atque nam. Vitae quidem alias necessitatibus dolorem.', 0, 'Dr. Bethany Gorczany', '2017-11-26 07:27:48', '2017-11-26 07:27:48'),
(27, 21, 'Quia placeat quae consectetur. Numquam optio itaque velit in ducimus provident odit. Molestiae sit qui quae incidunt. Aspernatur expedita quo et.', 4, 'Miss Alycia Leffler', '2017-11-26 07:27:48', '2017-11-26 07:27:48'),
(28, 25, 'Voluptate voluptate expedita consequuntur rerum ut. Facilis eaque enim nostrum amet et. Modi qui quod est aut et quam.', 3, 'Dr. Barbara White MD', '2017-11-26 07:27:48', '2017-11-26 07:27:48'),
(29, 50, 'Velit omnis esse adipisci consequatur ipsa tempore est. Fugit vel aut quo dolorem sunt ut. Dicta qui aperiam quia qui.', 5, 'Kody Olson', '2017-11-26 07:27:48', '2017-11-26 07:27:48'),
(30, 23, 'Harum dolore sit recusandae aperiam inventore dicta officia. Maiores et fugiat velit voluptas est mollitia beatae. Soluta voluptatum eligendi et dolorem illo a explicabo et. Officiis vel velit quaerat beatae.', 0, 'Mariana Wiegand', '2017-11-26 07:27:48', '2017-11-26 07:27:48'),
(31, 50, 'Exercitationem voluptatum quisquam nulla. Rerum voluptatem in ea quia. Error natus illo quas expedita.', 5, 'Jazmin Anderson', '2017-11-26 07:27:48', '2017-11-26 07:27:48'),
(32, 48, 'Quaerat eos dolorum dolores voluptas. Aperiam numquam perferendis hic inventore ea vitae. Vitae ullam aliquid voluptatem vel quia at. Blanditiis sunt minus eius placeat natus corrupti sed.', 1, 'Iliana Mohr DDS', '2017-11-26 07:27:48', '2017-11-26 07:27:48'),
(33, 6, 'Dolorum dicta similique ut iusto. Perspiciatis nobis ipsa minima laudantium explicabo. Omnis aut similique quis ex unde accusamus et. Eum ad ipsa voluptas.', 3, 'Jedidiah Mueller I', '2017-11-26 07:27:48', '2017-11-26 07:27:48'),
(34, 5, 'Cumque quos inventore maxime non perspiciatis aut occaecati. Distinctio accusantium nostrum sit voluptas aut accusantium. Recusandae possimus et non sint aut repellat omnis possimus. Quia totam laborum ipsum nihil.', 0, 'Prof. Gregg Nikolaus I', '2017-11-26 07:27:48', '2017-11-26 07:27:48'),
(35, 10, 'Consequatur non nobis eum repellendus. Possimus consectetur velit aliquid quis quia expedita culpa.', 2, 'Terrill Doyle Jr.', '2017-11-26 07:27:48', '2017-11-26 07:27:48'),
(36, 48, 'Tempore ea sed et explicabo. Rerum dolorum minus deleniti nihil quisquam debitis nobis.', 5, 'Maia Terry', '2017-11-26 07:27:48', '2017-11-26 07:27:48'),
(37, 6, 'Ea tempora voluptatem a quo eum quisquam rerum laborum. Dolor fugit doloribus et voluptatem et aut eligendi. Assumenda aut ut et eaque quisquam officia. Velit voluptatem quia qui.', 4, 'Dr. Hudson Langworth', '2017-11-26 07:27:48', '2017-11-26 07:27:48'),
(38, 50, 'Culpa sunt ut et odio tempore omnis dolore. Blanditiis quae ducimus modi ex harum. Vitae laudantium saepe consectetur reprehenderit.', 1, 'Miss Mina Moore', '2017-11-26 07:27:48', '2017-11-26 07:27:48'),
(39, 10, 'Quidem qui et quia amet magni voluptatem aliquam. Mollitia excepturi nobis quis quae nesciunt voluptatem. Magnam exercitationem dolore cum dolore.', 4, 'Llewellyn Hills', '2017-11-26 07:27:48', '2017-11-26 07:27:48'),
(40, 35, 'Veritatis rerum quo aut magni. Dolore aut laudantium ad eos dicta reprehenderit. Pariatur totam et quisquam dolorem incidunt.', 0, 'Trace Bernier PhD', '2017-11-26 07:27:48', '2017-11-26 07:27:48'),
(41, 48, 'Perferendis nam voluptatem quidem nihil ullam magni ea asperiores. Quo sint quas aut dolores ut quia voluptatem. Animi rerum possimus doloribus ipsa. Aut aspernatur aut repudiandae amet fuga ut adipisci.', 2, 'Bo Waelchi', '2017-11-26 07:27:48', '2017-11-26 07:27:48'),
(42, 20, 'Itaque recusandae inventore non quasi. Quia eaque debitis dolorum commodi repudiandae id nulla. Rem incidunt ipsa quaerat sunt. Sequi qui nulla iste inventore.', 2, 'Lelah Marquardt', '2017-11-26 07:27:48', '2017-11-26 07:27:48'),
(43, 10, 'Qui aliquam dolor laborum omnis cupiditate numquam. Optio nisi eius ipsum atque. Repudiandae corrupti laudantium laudantium eligendi molestiae consequatur. Ut quis harum quis ut est.', 4, 'Zoila Torp PhD', '2017-11-26 07:27:48', '2017-11-26 07:27:48'),
(44, 41, 'Eius autem tempore exercitationem accusantium nulla est quod. Qui tempore nesciunt tenetur sed. Quia dolor nobis optio dolor consequatur et ut.', 5, 'Dr. Genesis Daniel', '2017-11-26 07:27:49', '2017-11-26 07:27:49'),
(45, 12, 'Dolorem quia ex aperiam tempore. Suscipit non deleniti rerum modi vitae officiis totam. Eius mollitia omnis sit dolor aut. Sit est sequi accusamus aut.', 1, 'Mrs. Delfina Spinka', '2017-11-26 07:27:49', '2017-11-26 07:27:49'),
(46, 35, 'Qui et quasi qui ut adipisci exercitationem. Perferendis dolore ea enim labore. Quos cum impedit et.', 2, 'Osborne Lubowitz IV', '2017-11-26 07:27:49', '2017-11-26 07:27:49'),
(47, 35, 'Porro corrupti et est ratione. Doloremque deleniti accusantium quae non. Temporibus quo nostrum repellendus iure eveniet possimus quis. Ea dolorem vel voluptate.', 5, 'Carissa Langworth', '2017-11-26 07:27:49', '2017-11-26 07:27:49'),
(48, 44, 'Sit praesentium qui doloribus autem. Eveniet harum corrupti tempore facilis mollitia amet in. Aliquam vel vel asperiores voluptas et eum qui alias. Laudantium architecto iste vel quas.', 4, 'Christiana Harvey IV', '2017-11-26 07:27:49', '2017-11-26 07:27:49'),
(49, 13, 'Et aut dolor sit. Sapiente qui laborum autem qui veritatis et. Reiciendis ex consequatur aut aperiam molestiae.', 4, 'Prof. Beulah Schuppe DDS', '2017-11-26 07:27:49', '2017-11-26 07:27:49'),
(50, 42, 'Quia libero natus maiores ut rerum voluptatibus ab qui. Quidem tempora dolorem sequi. Maxime nesciunt est fugiat reprehenderit rerum. At ullam facilis assumenda et.', 4, 'Gerda Howe PhD', '2017-11-26 07:27:49', '2017-11-26 07:27:49'),
(51, 1, 'Repellat sit molestias dolorem eos. Aperiam temporibus quia sunt quisquam. Cupiditate dolorum magni tempore molestiae et est deserunt. Voluptates atque necessitatibus ipsum fugiat in.', 2, 'Sedrick Paucek', '2017-11-26 07:27:49', '2017-11-26 07:27:49'),
(52, 50, 'Expedita vel rerum error deserunt. Et est voluptatem et officiis libero eaque deleniti.', 3, 'Letha Schinner', '2017-11-26 07:27:49', '2017-11-26 07:27:49'),
(53, 22, 'Quasi ipsa atque amet sint dolor debitis veritatis. Molestiae est quaerat ut modi. Tenetur ea soluta qui. Architecto voluptatem expedita quia est quisquam recusandae.', 5, 'Mr. Houston Hoeger PhD', '2017-11-26 07:27:49', '2017-11-26 07:27:49'),
(54, 19, 'Quod ab nihil inventore culpa velit sed sed. Autem quia voluptate corrupti eos. Porro molestiae repellendus autem.', 4, 'Prof. Scarlett Ritchie', '2017-11-26 07:27:49', '2017-11-26 07:27:49'),
(55, 40, 'Quia necessitatibus autem quia et aliquid sunt. Veniam qui qui ea mollitia reiciendis aliquid. Natus sed fuga recusandae enim.', 5, 'Zander Shanahan', '2017-11-26 07:27:49', '2017-11-26 07:27:49'),
(56, 38, 'Consequuntur atque omnis consectetur tenetur. Ea aliquam libero similique nulla.', 3, 'Elissa Cormier', '2017-11-26 07:27:49', '2017-11-26 07:27:49'),
(57, 34, 'Sed iste molestiae et tenetur. Earum dicta vitae enim quo error deserunt. Expedita adipisci et excepturi sit tempora. Est voluptatum animi voluptates recusandae corporis dicta qui.', 1, 'Baby Harvey', '2017-11-26 07:27:49', '2017-11-26 07:27:49'),
(58, 43, 'Nisi vitae qui voluptatem aut et culpa. Vitae libero minus aliquam sequi temporibus et excepturi. Ut tenetur sed minima tempora et.', 3, 'Albin Becker Sr.', '2017-11-26 07:27:49', '2017-11-26 07:27:49'),
(59, 27, 'Perferendis quasi perferendis consequatur molestiae rerum ratione quia et. Repudiandae aut velit sed.', 2, 'Mr. Lew Brakus', '2017-11-26 07:27:49', '2017-11-26 07:27:49'),
(60, 47, 'Omnis culpa quia unde quas dolorem et vel reprehenderit. Consequatur dolor minus maiores velit quam doloribus in voluptas. Iure sed id excepturi ipsam odit minus culpa voluptatem. Excepturi iure officia explicabo iusto.', 3, 'Hester Dicki V', '2017-11-26 07:27:49', '2017-11-26 07:27:49'),
(61, 4, 'Consequatur unde distinctio velit vel. Voluptatem eveniet earum numquam atque et quia qui. Velit deleniti reiciendis maiores aperiam.', 5, 'Miss Hildegard Friesen II', '2017-11-26 07:27:49', '2017-11-26 07:27:49'),
(62, 1, 'Occaecati repellat autem et iusto. Perferendis blanditiis at expedita incidunt non aspernatur voluptatem. Quam vel possimus voluptas nam.', 2, 'Madaline Hoppe', '2017-11-26 07:27:50', '2017-11-26 07:27:50'),
(63, 30, 'Aspernatur qui qui porro dolorem et. Omnis explicabo ut sit iure alias hic. Similique rerum sit aliquam magni fugiat provident. Illum autem dolores impedit nam.', 5, 'Alejandra Schmitt', '2017-11-26 07:27:50', '2017-11-26 07:27:50'),
(64, 39, 'Mollitia dolor et sunt voluptas impedit perspiciatis consectetur. Doloremque facere sit eligendi adipisci et. Velit repellendus incidunt aut. Animi sit maiores veritatis voluptatibus.', 4, 'Miss Ova Crooks', '2017-11-26 07:27:50', '2017-11-26 07:27:50'),
(65, 45, 'Id repellat tempora voluptates id officiis occaecati. Quaerat quod eaque est enim. Excepturi rem rerum quo aliquid atque cupiditate. Doloribus sit nam eum repellat saepe officia sit. Ducimus odio ex quia occaecati vitae ea.', 1, 'Cody Wolf', '2017-11-26 07:27:50', '2017-11-26 07:27:50'),
(66, 47, 'Non magni qui sed aut voluptate repellat. Et dolorem eos incidunt officia. Architecto sed commodi sit laboriosam est eaque enim. Velit ab optio illo autem quia alias.', 5, 'Eden Wilderman', '2017-11-26 07:27:50', '2017-11-26 07:27:50'),
(67, 32, 'Aut explicabo molestiae aut id expedita qui ad odit. Modi laboriosam dolor et ex. Saepe vitae incidunt quia quae recusandae aspernatur quidem dignissimos. Ad consequatur velit accusamus corporis aut sapiente quia.', 4, 'Prof. Emelie Stoltenberg IV', '2017-11-26 07:27:50', '2017-11-26 07:27:50'),
(68, 26, 'Facere deserunt placeat sapiente ea id dolorem. Et tempora similique veniam nobis ut. Rerum iusto illum ut eos ut consequatur. Ut dolorem nobis at aut consequatur harum quos.', 1, 'Rebekah Berge DDS', '2017-11-26 07:27:50', '2017-11-26 07:27:50'),
(69, 46, 'Nobis culpa voluptatibus eligendi mollitia natus molestiae placeat. Nisi soluta qui sint et. Corporis quia quis qui beatae aliquid.', 2, 'Ryann Schinner', '2017-11-26 07:27:50', '2017-11-26 07:27:50'),
(70, 33, 'Aliquam quam provident ut illo. Itaque vitae soluta maxime excepturi doloribus fugiat et. Non nam a eveniet nisi. Omnis impedit nemo exercitationem error labore amet.', 5, 'Eliseo Goodwin', '2017-11-26 07:27:50', '2017-11-26 07:27:50'),
(71, 31, 'Aut ipsam enim quae. Quam eum voluptatibus perferendis accusamus quia est. Maiores nam occaecati necessitatibus aperiam odit quas rem. Sit nulla enim omnis qui quia aut amet. Voluptas vel in nihil.', 0, 'Annamae Koelpin', '2017-11-26 07:27:50', '2017-11-26 07:27:50'),
(72, 41, 'At ullam quis velit quos est. Nihil atque modi adipisci molestias. Aut rerum aut velit expedita quia.', 0, 'Mr. Deon Pfeffer', '2017-11-26 07:27:50', '2017-11-26 07:27:50'),
(73, 39, 'Quo natus earum id quia nihil fuga sunt qui. Atque velit ex voluptatum numquam consequatur qui. Est ut delectus et molestiae consequatur. Ipsum voluptatem eius odit consequatur veritatis totam tempore.', 4, 'Briana Jacobson', '2017-11-26 07:27:50', '2017-11-26 07:27:50'),
(74, 38, 'Consectetur est laudantium nemo non molestiae labore. Facere explicabo beatae dolorem cupiditate debitis rerum. Fugiat nobis amet delectus quo qui eaque et quas. Occaecati molestiae quae eligendi unde.', 1, 'Trinity Stokes', '2017-11-26 07:27:50', '2017-11-26 07:27:50'),
(75, 50, 'Aut qui et ipsum non illo consequatur voluptas. Voluptas et expedita nesciunt inventore officia minus tenetur. Rem beatae amet vel dolores omnis enim minus ea.', 0, 'Violet Padberg', '2017-11-26 07:27:50', '2017-11-26 07:27:50'),
(76, 45, 'Et expedita tempore neque non. Praesentium corrupti delectus repellendus ipsum. Et est neque repellat quia et architecto et.', 5, 'Malinda Carter', '2017-11-26 07:27:50', '2017-11-26 07:27:50'),
(77, 4, 'Ipsam alias sunt sed dignissimos ea dolor et. Qui delectus quaerat aut hic molestiae hic. Ducimus quis nihil optio ullam enim quo omnis.', 1, 'Ms. Rachael Schamberger I', '2017-11-26 07:27:50', '2017-11-26 07:27:50'),
(78, 48, 'Harum debitis et in et velit inventore et. Doloremque tempore provident labore. Possimus aperiam quibusdam aut aspernatur autem quaerat debitis qui. Qui nihil qui vero repellendus praesentium illo eum.', 4, 'Reta Bosco', '2017-11-26 07:27:50', '2017-11-26 07:27:50'),
(79, 14, 'Ipsa nemo veniam ab voluptatem ducimus aspernatur incidunt. Commodi voluptatem quasi blanditiis est. Enim sit voluptatem est qui magnam iste. Asperiores iste repudiandae tenetur ut. Rerum magnam consequatur vel repellat quo deleniti.', 4, 'Daisha Shanahan', '2017-11-26 07:27:50', '2017-11-26 07:27:50'),
(80, 50, 'Et mollitia optio totam ab quasi. Non dolore dolorum sapiente dicta voluptas voluptas. Sunt facilis tenetur consequatur odit voluptate. Cum rem voluptatibus temporibus deleniti quod dignissimos aperiam.', 5, 'Gerda Hansen MD', '2017-11-26 07:27:51', '2017-11-26 07:27:51'),
(81, 36, 'Similique modi autem consequatur ut dolorum et corrupti. Nihil sint dolorem enim. Fugiat in quam corporis libero qui. Molestiae iure voluptatem sed.', 5, 'Braeden Reinger', '2017-11-26 07:27:51', '2017-11-26 07:27:51'),
(82, 40, 'Deserunt error magni labore cupiditate. Ipsa enim sint illo ad et. Cum vel soluta maiores voluptas. Fugiat porro ut laboriosam vero officiis maxime nulla.', 2, 'Owen Muller', '2017-11-26 07:27:51', '2017-11-26 07:27:51'),
(83, 45, 'Velit sit ut eveniet omnis numquam. Molestiae qui aspernatur cumque aut. Eos dolorum deleniti beatae aspernatur quasi veniam.', 1, 'Cody Hoppe MD', '2017-11-26 07:27:51', '2017-11-26 07:27:51'),
(84, 35, 'Ut et eos cumque autem rerum non et. Aut amet inventore ab nihil aut. Ullam quia explicabo ad deleniti. At illo magnam voluptatibus.', 1, 'Lexus Metz', '2017-11-26 07:27:51', '2017-11-26 07:27:51'),
(85, 22, 'Aut eum neque repellat occaecati quia illum quos. Dolore sunt aperiam necessitatibus eum quibusdam numquam.', 2, 'Edgardo Upton', '2017-11-26 07:27:51', '2017-11-26 07:27:51'),
(86, 7, 'Eos molestiae laborum voluptatem repellat. Eos est delectus quia est. Minima aut dolorem unde minus.', 4, 'Emmie Witting', '2017-11-26 07:27:51', '2017-11-26 07:27:51'),
(87, 35, 'Sit temporibus qui porro. Veritatis pariatur repellendus sunt vel est omnis sit. Qui aut itaque veritatis porro dolores eos magnam. Rerum et optio eaque.', 4, 'Miss Katlyn Tillman', '2017-11-26 07:27:51', '2017-11-26 07:27:51'),
(88, 20, 'Neque qui rerum autem quo pariatur voluptas. Est necessitatibus sequi accusamus nisi beatae. Fugiat ut libero odio magni hic voluptates.', 2, 'Eriberto Rosenbaum', '2017-11-26 07:27:51', '2017-11-26 07:27:51'),
(89, 5, 'Aut sapiente incidunt porro dolorem et in voluptatum facilis. Corrupti ea perspiciatis vel aspernatur quis. Est debitis nulla accusamus et numquam fugiat possimus. Sint sunt vitae voluptatem iste vero.', 3, 'Idella Heller', '2017-11-26 07:27:51', '2017-11-26 07:27:51'),
(90, 16, 'Aut dignissimos deserunt excepturi id et dolorem. Tempora doloribus et voluptatem deserunt enim error voluptatem. Porro voluptatem illum ratione non officia nihil in.', 0, 'Magnolia Kris', '2017-11-26 07:27:51', '2017-11-26 07:27:51'),
(91, 6, 'Voluptatibus temporibus ad hic sunt quas dolore. Facere dolorum minima ea numquam esse illum. Sint facere ratione ea harum est. Exercitationem ut similique eligendi sint hic reprehenderit.', 4, 'Giovanny Fay', '2017-11-26 07:27:51', '2017-11-26 07:27:51'),
(92, 7, 'Commodi est nihil vel numquam ab dolore. Nostrum mollitia iste veritatis autem nisi suscipit. In architecto expedita sit est.', 1, 'Prof. Darlene Satterfield DVM', '2017-11-26 07:27:51', '2017-11-26 07:27:51'),
(93, 47, 'Quibusdam porro officia vero nihil voluptas corrupti. Est iusto eos et excepturi nulla ipsa earum.', 4, 'Prof. Cali Kling Sr.', '2017-11-26 07:27:51', '2017-11-26 07:27:51'),
(94, 18, 'Ut est enim iste labore. Exercitationem esse consequatur dolorem excepturi molestias. Sed illo ut corrupti optio adipisci tenetur sit itaque.', 2, 'Mr. Guy O''Reilly III', '2017-11-26 07:27:51', '2017-11-26 07:27:51'),
(95, 45, 'Sit doloribus veniam ratione perferendis optio. Molestiae omnis aut laboriosam provident sit exercitationem et. Optio rerum illum aut. Ratione pariatur inventore ut non.', 4, 'Carmine Koepp', '2017-11-26 07:27:51', '2017-11-26 07:27:51'),
(96, 30, 'Soluta vitae facilis nesciunt eaque. Molestiae consequatur tempore rerum. Debitis accusantium voluptas at repellat. Amet praesentium molestiae rem tenetur sunt in totam.', 5, 'Miss Lupe Smith', '2017-11-26 07:27:51', '2017-11-26 07:27:51'),
(97, 34, 'Nam itaque eius impedit blanditiis iste omnis impedit. Beatae et qui praesentium. Eaque eum ipsum eum sed.', 3, 'Arlo Bogan', '2017-11-26 07:27:51', '2017-11-26 07:27:51'),
(98, 11, 'Ex et delectus eveniet sint. Et quia consectetur voluptas qui excepturi non qui velit. Velit sint repudiandae aut voluptates porro. Consequatur voluptatem assumenda libero optio accusantium velit.', 3, 'Alisha Marvin', '2017-11-26 07:27:52', '2017-11-26 07:27:52'),
(99, 10, 'Doloremque dolores praesentium quia reiciendis est recusandae ut. Ratione dolorem nisi praesentium expedita. Voluptas saepe ut eius.', 2, 'Peyton Heidenreich', '2017-11-26 07:27:52', '2017-11-26 07:27:52'),
(100, 6, 'Et enim voluptas quidem iure. Esse nisi consequatur explicabo exercitationem repellat. Similique placeat sequi accusamus deleniti ipsam.', 2, 'Prof. Damaris Goodwin V', '2017-11-26 07:27:52', '2017-11-26 07:27:52'),
(101, 14, 'Sit velit autem tempore excepturi at repudiandae veniam. Labore quisquam omnis sapiente in ut adipisci. Voluptatem doloribus sed quis. Unde quibusdam dolorem sapiente optio at doloremque.', 3, 'Haskell VonRueden', '2017-11-26 07:27:52', '2017-11-26 07:27:52'),
(102, 30, 'Nisi voluptates vel quis quia. Est modi a maiores quibusdam libero at suscipit.', 1, 'Davonte Leuschke', '2017-11-26 07:27:52', '2017-11-26 07:27:52'),
(103, 5, 'Corrupti et quo et voluptates. Ipsa at modi nulla aut. Nostrum corporis blanditiis vel optio quae ut quaerat excepturi. Reprehenderit quia quas modi ratione exercitationem velit consectetur.', 3, 'Prof. Brisa Walker', '2017-11-26 07:27:52', '2017-11-26 07:27:52'),
(104, 27, 'Voluptatum ratione iste cum nemo vero. Accusamus possimus eum aperiam ipsum error nemo mollitia. Corrupti vitae eos laudantium dolores.', 0, 'Kelli Mohr', '2017-11-26 07:27:52', '2017-11-26 07:27:52'),
(105, 46, 'Accusamus aperiam aut ratione mollitia. Quod provident maiores quidem nobis. Qui quisquam ratione maiores dignissimos. Illo sit officia ut.', 2, 'Caleigh Deckow Sr.', '2017-11-26 07:27:52', '2017-11-26 07:27:52'),
(106, 10, 'Reprehenderit aut commodi quibusdam ut. Nihil molestiae est laboriosam ipsum itaque minus eaque et. Et corporis quibusdam soluta excepturi non. Praesentium et esse quam.', 2, 'Dr. Ted O''Reilly I', '2017-11-26 07:27:52', '2017-11-26 07:27:52'),
(107, 13, 'Voluptatem vero debitis incidunt. Repellat est odit maiores recusandae autem.', 3, 'Celestine Weimann', '2017-11-26 07:27:52', '2017-11-26 07:27:52'),
(108, 45, 'Excepturi omnis voluptatem aut expedita. Mollitia ut aspernatur occaecati aut.', 3, 'Garth Daniel', '2017-11-26 07:27:53', '2017-11-26 07:27:53'),
(109, 11, 'Fugiat eaque et reiciendis mollitia odio sint. Quis qui commodi iure nam veniam velit iure. Qui maxime laudantium sed fugiat quia nisi.', 4, 'Prof. Timothy Renner', '2017-11-26 07:27:53', '2017-11-26 07:27:53'),
(110, 26, 'Possimus quidem et sapiente omnis. Nisi quia vero sequi quia cum et quo ab.', 0, 'Bret Hayes II', '2017-11-26 07:27:53', '2017-11-26 07:27:53'),
(111, 7, 'Perferendis velit adipisci voluptate nam est magnam et sit. Vel nihil commodi sapiente eum sunt nihil incidunt. Iusto voluptatem rerum voluptatum est et ut aperiam. Modi sed fugit repellat non et quidem.', 4, 'Lafayette Schinner', '2017-11-26 07:27:53', '2017-11-26 07:27:53'),
(112, 32, 'Quod nesciunt ex quia vitae. Deserunt rerum repudiandae quod sapiente magnam aut nostrum debitis. Ea aliquam iste facilis necessitatibus necessitatibus voluptatem quo. Sunt necessitatibus autem enim laudantium provident hic.', 1, 'Kelley Murazik', '2017-11-26 07:27:53', '2017-11-26 07:27:53'),
(113, 22, 'Sunt ratione necessitatibus facere aspernatur et dignissimos autem eveniet. Cum temporibus voluptate consequatur commodi eos praesentium. Enim eveniet id vel in. Delectus amet consequuntur tenetur quia voluptatem.', 1, 'Dora Jast', '2017-11-26 07:27:54', '2017-11-26 07:27:54'),
(114, 26, 'Velit et reprehenderit sequi ratione. Vero velit aliquam rerum illum consequatur. Ducimus quia unde velit velit dolores voluptatem.', 0, 'Kim Brakus', '2017-11-26 07:27:54', '2017-11-26 07:27:54'),
(115, 11, 'Expedita eum atque qui et voluptatum voluptates. Ut est sint distinctio molestiae et quisquam. Expedita cupiditate assumenda dolorum eius magni.', 3, 'Alexa Flatley', '2017-11-26 07:27:54', '2017-11-26 07:27:54'),
(116, 35, 'Minima molestiae optio est explicabo. Corporis libero quaerat et cupiditate eum quia deserunt.', 5, 'Jakayla O''Hara', '2017-11-26 07:27:54', '2017-11-26 07:27:54'),
(117, 39, 'Nam ut corporis autem odit quo quam. Vitae ut soluta nulla voluptatem qui eveniet. Sapiente facere adipisci doloremque sint rerum. Inventore voluptas quia occaecati officia ab corporis quos. Quas dolores aut omnis aspernatur omnis.', 3, 'Joy Moen I', '2017-11-26 07:27:54', '2017-11-26 07:27:54'),
(118, 32, 'Et nam sed sed eos voluptas illum et. Sed illo repellat fugiat in. Et dolorem corrupti fugiat iusto quasi est enim.', 1, 'Prof. Antwon Zboncak', '2017-11-26 07:27:54', '2017-11-26 07:27:54'),
(119, 48, 'Soluta et recusandae doloribus dolore. In adipisci qui nam provident. Vero laudantium modi sed mollitia molestiae excepturi repellat.', 4, 'Mr. Bennett Hagenes Jr.', '2017-11-26 07:27:54', '2017-11-26 07:27:54'),
(120, 33, 'Id nam explicabo omnis molestias quas. Autem id nobis quia est. Corrupti alias dolorem corrupti laborum molestiae quia ea. Numquam animi cupiditate architecto.', 3, 'Winona Yundt', '2017-11-26 07:27:54', '2017-11-26 07:27:54'),
(121, 38, 'Tempore beatae magni placeat qui odit sunt necessitatibus. Laboriosam consequatur natus aut ut omnis doloremque. Ipsam quia sint atque quis ab ut et.', 1, 'Hadley Nicolas', '2017-11-26 07:27:54', '2017-11-26 07:27:54'),
(122, 23, 'Natus asperiores atque occaecati et perspiciatis suscipit. Expedita aut autem amet aperiam ea nulla sint. Ut et qui aut incidunt. Libero nesciunt blanditiis omnis eum.', 4, 'Brenden Spinka', '2017-11-26 07:27:54', '2017-11-26 07:27:54'),
(123, 45, 'Inventore molestiae soluta consequuntur et id nemo ut. Provident ut explicabo animi consequatur et repellendus. Iusto voluptates dolores possimus voluptatem. Molestias consequatur iste quis id voluptas possimus. Necessitatibus eveniet ipsa quidem odio dolor iste esse.', 4, 'Nova Green', '2017-11-26 07:27:54', '2017-11-26 07:27:54'),
(124, 43, 'Enim non eum maiores. Quam eligendi pariatur dolorem ut sed delectus sunt.', 5, 'Corrine Breitenberg', '2017-11-26 07:27:54', '2017-11-26 07:27:54'),
(125, 3, 'Ratione consequatur iusto quod eos molestiae. Autem aut magni consectetur suscipit ut aperiam distinctio. Reprehenderit numquam consequuntur ut temporibus quia quisquam. Adipisci alias expedita quia id.', 0, 'Eden Krajcik', '2017-11-26 07:27:54', '2017-11-26 07:27:54'),
(126, 5, 'Suscipit hic nihil quis molestiae est nulla autem. Nobis perspiciatis rem voluptas quaerat tempore ut consequuntur. Nihil facilis reprehenderit voluptate quidem.', 1, 'Moses Powlowski V', '2017-11-26 07:27:54', '2017-11-26 07:27:54'),
(127, 27, 'Nulla facilis alias voluptatem voluptates velit laudantium. Necessitatibus omnis quo quasi quos sit numquam blanditiis. Voluptatem et deleniti cum unde sit sequi.', 0, 'Wilhelmine Wisozk', '2017-11-26 07:27:54', '2017-11-26 07:27:54'),
(128, 37, 'Est sapiente aut aspernatur et rerum accusamus. Et sit cupiditate quia. Ullam ipsa voluptatum minus id vel quia voluptas natus. Veniam voluptatum omnis nam autem.', 0, 'Jordi O''Reilly', '2017-11-26 07:27:55', '2017-11-26 07:27:55'),
(129, 18, 'Voluptatibus vel ut eum. Voluptatem doloremque repudiandae voluptatibus et. Optio aut dolorem a.', 2, 'Osbaldo Runolfsson V', '2017-11-26 07:27:55', '2017-11-26 07:27:55'),
(130, 6, 'Id excepturi aspernatur voluptatum dolores repellat. Qui sint culpa ullam recusandae magnam perspiciatis. Molestiae ad id sit.', 4, 'Robert Nitzsche', '2017-11-26 07:27:55', '2017-11-26 07:27:55'),
(131, 24, 'Reiciendis velit consectetur tenetur nisi voluptatem nam. Non asperiores non nobis tenetur optio sequi. Fugit eum et voluptas quo non iure. Voluptas saepe ut nihil fuga.', 2, 'Ms. Teresa Willms IV', '2017-11-26 07:27:55', '2017-11-26 07:27:55'),
(132, 48, 'Ut deserunt rem pariatur blanditiis officia qui. Qui voluptatem voluptatem facilis dolor quas officia perferendis dicta. Accusamus in aut neque neque nihil voluptates possimus. Quidem reiciendis ad laborum eum.', 4, 'Desiree Bechtelar III', '2017-11-26 07:27:55', '2017-11-26 07:27:55'),
(133, 1, 'Et consequatur minus omnis aliquam. Earum qui id magni esse quia quam. Velit voluptas rerum voluptas non earum esse iste et. Sunt rerum cum molestiae blanditiis.', 2, 'Peggie Sporer I', '2017-11-26 07:27:55', '2017-11-26 07:27:55'),
(134, 50, 'Et et eos veniam recusandae molestias et impedit. Fugiat autem ducimus id dolores quia. Ullam nostrum ab vero sit error mollitia omnis et.', 5, 'Prof. Kavon Beahan Jr.', '2017-11-26 07:27:55', '2017-11-26 07:27:55'),
(135, 44, 'Dolore mollitia blanditiis reprehenderit cumque doloremque. Quam facilis et ratione fugiat sunt aut sapiente. Et velit rerum rem assumenda voluptatem.', 4, 'Mrs. Edythe McCullough II', '2017-11-26 07:27:55', '2017-11-26 07:27:55'),
(136, 8, 'Recusandae occaecati et ratione nostrum esse. Omnis qui soluta unde ad.', 5, 'Ms. Kelly Cremin IV', '2017-11-26 07:27:55', '2017-11-26 07:27:55'),
(137, 41, 'Illo ut blanditiis et cupiditate. Omnis voluptatem facilis ut non sequi laborum. Iste facere repudiandae unde at. Illum dolorum quia alias impedit. Vitae et quasi commodi voluptatum.', 4, 'Prof. Yasmin Daniel MD', '2017-11-26 07:27:55', '2017-11-26 07:27:55'),
(138, 13, 'Cupiditate et provident et nisi. At laudantium sequi non velit delectus consectetur voluptatem. Deleniti laudantium est quam ipsum. Culpa quis voluptate cum omnis.', 2, 'Claude Hermann', '2017-11-26 07:27:55', '2017-11-26 07:27:55'),
(139, 17, 'Velit sed maiores accusamus. Doloribus vel dolore accusantium rerum.', 4, 'Dr. Jaiden Hartmann V', '2017-11-26 07:27:55', '2017-11-26 07:27:55'),
(140, 13, 'Enim esse est alias et et dicta quia. Ipsum eius atque eum explicabo. Molestias sint in laborum voluptatum ut sed.', 5, 'Dr. Maddison Bartell', '2017-11-26 07:27:55', '2017-11-26 07:27:55'),
(141, 48, 'Libero ut dolore rerum quis voluptatibus. Praesentium eum vitae est vel sint. Vitae eos animi recusandae occaecati et deleniti. Quis recusandae iusto nam reprehenderit.', 1, 'Mrs. Darby Brekke', '2017-11-26 07:27:55', '2017-11-26 07:27:55'),
(142, 23, 'Maiores minus pariatur sed ut expedita necessitatibus. Eum est dicta qui saepe sapiente. Alias voluptas dignissimos odit voluptatum nesciunt enim quis. Vero sint cupiditate sunt nemo laborum.', 0, 'Mr. Isac Hackett', '2017-11-26 07:27:55', '2017-11-26 07:27:55'),
(143, 40, 'Rerum molestiae quae qui odit. Illum doloremque provident sunt eaque voluptas. A eius molestiae ut voluptas nulla.', 2, 'Eileen Ratke', '2017-11-26 07:27:55', '2017-11-26 07:27:55'),
(144, 35, 'Repellendus et occaecati eum non. Neque nemo est voluptas qui accusantium qui. Velit corporis ipsa nemo fugit repellendus. Aliquid in accusamus quia dolores ut autem nam.', 5, 'Myrtie Huel', '2017-11-26 07:27:56', '2017-11-26 07:27:56'),
(145, 39, 'Voluptas animi non architecto id quaerat. Minus laborum laudantium eum et officiis dolor.', 2, 'Dorthy Goyette', '2017-11-26 07:27:56', '2017-11-26 07:27:56'),
(146, 4, 'Dicta fuga earum animi et quis ut. Laborum quia consequatur culpa nulla est dicta exercitationem. Necessitatibus dolorem voluptatem assumenda aut nihil.', 5, 'Myles Johnson II', '2017-11-26 07:27:56', '2017-11-26 07:27:56'),
(147, 22, 'Repellendus in qui ad consequatur eum recusandae neque. Sed doloribus quia sit culpa labore fuga magnam. Est tenetur aut sed est ullam. Laboriosam et aliquid velit ex saepe aspernatur.', 1, 'Herminio Mertz', '2017-11-26 07:27:56', '2017-11-26 07:27:56'),
(148, 4, 'Modi debitis modi enim nulla. Et blanditiis labore quasi voluptas et delectus. In incidunt aut aliquam quam.', 0, 'Prof. Jovanny Powlowski Jr.', '2017-11-26 07:27:56', '2017-11-26 07:27:56'),
(149, 4, 'Veritatis aut nulla in ut sit illo. Officia ut assumenda qui nemo. Explicabo eaque incidunt soluta vel. Quas ut dolor qui laborum iste dolor repudiandae.', 4, 'Lempi Bergstrom', '2017-11-26 07:27:56', '2017-11-26 07:27:56'),
(150, 16, 'Aut est autem quia recusandae blanditiis. Omnis debitis ut deserunt quia minus. Laborum quod est quia recusandae fugit officia aliquid. Nisi perspiciatis molestiae vero quia. Voluptatem fugiat est dolor neque qui accusantium quis impedit.', 0, 'Hester Simonis', '2017-11-26 07:27:56', '2017-11-26 07:27:56'),
(151, 19, 'Quas laboriosam alias voluptas similique doloremque soluta ea. Fugit animi officiis nam qui asperiores recusandae quisquam voluptates. Quia consequatur quaerat perferendis et. Quos et qui odit vero.', 0, 'Augusta Simonis', '2017-11-26 07:27:56', '2017-11-26 07:27:56'),
(152, 12, 'Enim libero quasi voluptas soluta quia tempore eveniet in. Non numquam debitis atque ab voluptas est.', 2, 'Mrs. Antonia Leffler Sr.', '2017-11-26 07:27:56', '2017-11-26 07:27:56'),
(153, 43, 'Tempore animi qui at. Et laborum qui natus delectus ut non fugiat. Labore itaque reiciendis repudiandae et dolore amet suscipit.', 3, 'Cullen Simonis PhD', '2017-11-26 07:27:56', '2017-11-26 07:27:56'),
(154, 19, 'Et rerum qui dolorem fuga nihil maiores officia. Blanditiis quis molestiae sint saepe culpa. Nulla qui et voluptas quis aut dolore. Nam rerum aut culpa totam nobis dignissimos.', 0, 'Ms. Idell Marks', '2017-11-26 07:27:56', '2017-11-26 07:27:56'),
(155, 2, 'Molestiae enim voluptatem est doloribus inventore molestias. Sed officia voluptatem veniam autem. Vero excepturi aut officia quod dolorem omnis sed. Non voluptatum vel quo iste odio.', 5, 'Prof. Mariah Pagac', '2017-11-26 07:27:56', '2017-11-26 07:27:56'),
(156, 20, 'Hic et et omnis dolores. Enim perferendis accusantium voluptatem laborum eos facere. Ut ut ea delectus.', 1, 'Dagmar Lockman', '2017-11-26 07:27:57', '2017-11-26 07:27:57'),
(157, 7, 'Explicabo aut occaecati perferendis dolorem odit maxime autem maiores. Sit a quia quis quod velit placeat dicta. Commodi consequuntur dolorum deleniti voluptatem nobis qui. Laudantium et et voluptatem iste ut quia non.', 5, 'Prof. Sydney Koss', '2017-11-26 07:27:57', '2017-11-26 07:27:57'),
(158, 42, 'Possimus qui temporibus recusandae nemo optio architecto dolor. Commodi autem atque voluptatum ut. Ex et aut non qui sit.', 3, 'Charlie Kris', '2017-11-26 07:27:57', '2017-11-26 07:27:57'),
(159, 48, 'Et quia aliquam est eligendi in accusantium. Esse suscipit aut culpa voluptatem non qui ipsa labore. Id dolore consequatur quae quo non. Nesciunt natus molestiae atque similique.', 1, 'Mrs. Ethyl Conroy', '2017-11-26 07:27:57', '2017-11-26 07:27:57'),
(160, 41, 'Ut nesciunt sit dicta vel. Vero minus fugit quod. Eius quidem inventore sunt illo. Ut aperiam distinctio esse qui voluptatem.', 0, 'Mayra O''Hara', '2017-11-26 07:27:57', '2017-11-26 07:27:57'),
(161, 11, 'Quis inventore nobis excepturi enim nam quam itaque. In similique quaerat rerum ratione et. Similique cum vitae et vel deleniti eos qui.', 5, 'Prof. Jayce Schaefer', '2017-11-26 07:27:57', '2017-11-26 07:27:57'),
(162, 1, 'Consequatur velit eligendi ipsa aspernatur pariatur et. Sed exercitationem ut sit non. Unde id ut qui et deserunt consequatur. Nulla cum cupiditate odio quo quasi quis veniam.', 0, 'Mr. Judd Barton', '2017-11-26 07:27:57', '2017-11-26 07:27:57'),
(163, 33, 'Dolorum illum quis exercitationem consequatur et. Est minima nisi dolore alias veniam. Rerum atque delectus dolores quibusdam sint asperiores unde.', 4, 'Bruce Sawayn', '2017-11-26 07:27:57', '2017-11-26 07:27:57'),
(164, 38, 'Enim nobis minima ut dolores. Non sit ipsa cupiditate distinctio. Dolor neque recusandae at quasi harum blanditiis. Rerum et distinctio vero qui.', 4, 'Matt Bednar', '2017-11-26 07:27:57', '2017-11-26 07:27:57'),
(165, 33, 'Culpa sunt libero libero sapiente similique. Deserunt dolor quia ipsum ducimus. Labore iure libero ut et nisi.', 2, 'Norris O''Connell', '2017-11-26 07:27:57', '2017-11-26 07:27:57'),
(166, 40, 'Non possimus eos vero molestiae et sit. Aperiam id totam eaque quo iste. Rerum ullam qui et facilis iste dolorem numquam.', 4, 'Prof. Regan Dare I', '2017-11-26 07:27:57', '2017-11-26 07:27:57'),
(167, 42, 'Debitis eius nobis omnis fuga adipisci maiores iste. Recusandae sunt enim dolor ut. Ea nisi aut ducimus quod quis rerum a. Sint repellendus ut explicabo provident aut laborum fugit laboriosam.', 1, 'Carmela Schaefer', '2017-11-26 07:27:57', '2017-11-26 07:27:57'),
(168, 37, 'Fuga perspiciatis qui quibusdam voluptatum quas. Perspiciatis non doloribus incidunt voluptas. Ut deserunt nihil est quas.', 1, 'Mr. Charlie Conroy', '2017-11-26 07:27:57', '2017-11-26 07:27:57'),
(169, 22, 'Et quidem et tempora aut. Aut nesciunt odit quibusdam quis perferendis et. Voluptatem officiis necessitatibus recusandae quia repellendus odio.', 3, 'Hollie McLaughlin', '2017-11-26 07:27:58', '2017-11-26 07:27:58'),
(170, 1, 'Non nostrum vero nihil non distinctio quia. Qui ut at non sint tempora. Perspiciatis mollitia mollitia ratione dolorem. Minus dolorum omnis suscipit vero ex.', 2, 'Sid Murray MD', '2017-11-26 07:27:58', '2017-11-26 07:27:58'),
(171, 45, 'Laborum eaque et quia nihil enim dolorem. Perspiciatis commodi sed laborum. Quia et magni consectetur commodi consequatur.', 0, 'Joanny Breitenberg', '2017-11-26 07:27:58', '2017-11-26 07:27:58'),
(172, 1, 'Eligendi accusantium culpa autem ullam aut itaque et. Omnis aliquam quia voluptatem eveniet et facilis. Et eligendi sequi itaque natus ut voluptas. Harum aliquam sit quis voluptate ut numquam doloribus. Ut at eligendi numquam deleniti ut.', 3, 'Allie Hermiston III', '2017-11-26 07:27:58', '2017-11-26 07:27:58'),
(173, 40, 'Asperiores sunt at molestias quasi. Iste dolore molestias eius aperiam. Accusamus facilis quo nam ullam ut ex possimus voluptatem.', 1, 'Lorenza Hamill', '2017-11-26 07:27:58', '2017-11-26 07:27:58'),
(174, 25, 'Cum qui totam sit est. At et nam ut. Tempora quis excepturi id voluptas qui numquam doloribus voluptas. Fugiat aut dolorem beatae numquam repellendus harum porro.', 4, 'Miss Telly Funk MD', '2017-11-26 07:27:58', '2017-11-26 07:27:58'),
(175, 20, 'Aliquid consectetur error quia amet atque quidem omnis. Laboriosam eius sed nisi et. Quis quis eveniet qui ipsam non maxime et.', 2, 'Adah Bechtelar', '2017-11-26 07:27:58', '2017-11-26 07:27:58'),
(176, 25, 'Tempora eum perspiciatis omnis rerum totam. Impedit sunt corporis nobis distinctio praesentium voluptates. Ea aut est vitae quidem sit et. Hic hic ipsum fuga harum qui rerum est eius. Aut inventore voluptates qui molestiae non aut.', 5, 'Ismael Blanda DDS', '2017-11-26 07:27:58', '2017-11-26 07:27:58'),
(177, 5, 'Occaecati doloribus perferendis laboriosam qui dignissimos fugiat. Sint amet qui ea nesciunt ut dicta velit vero. Exercitationem occaecati nobis corporis at. Saepe exercitationem ducimus labore cupiditate recusandae eius.', 5, 'Nasir Conroy', '2017-11-26 07:27:58', '2017-11-26 07:27:58'),
(178, 13, 'Omnis temporibus est nihil consequuntur mollitia. Ut accusantium neque recusandae nihil officia libero quasi. Provident error et dignissimos culpa est. Ut est aut aut quis quaerat.', 4, 'Kelton Oberbrunner', '2017-11-26 07:27:58', '2017-11-26 07:27:58'),
(179, 38, 'Voluptatibus libero odio ratione eaque neque aut nihil. Est soluta eligendi quia odio similique qui. Et maxime in aut adipisci.', 5, 'Shyanne Marvin', '2017-11-26 07:27:58', '2017-11-26 07:27:58'),
(180, 42, 'Rerum unde veniam mollitia voluptas. Doloribus doloremque reiciendis sed et quod iusto.', 5, 'Prof. Chauncey DuBuque II', '2017-11-26 07:27:58', '2017-11-26 07:27:58'),
(181, 42, 'Blanditiis quo eaque aut totam. Quod possimus qui error quia. Officiis quia odit facere. Minus aut ducimus tempora fugit dolores laborum.', 4, 'Gregory Wolf', '2017-11-26 07:27:58', '2017-11-26 07:27:58'),
(182, 15, 'Aut rem asperiores dolores dolorem ea aperiam quam. Reiciendis maxime atque sapiente non et odit.', 1, 'Ms. Ayla Sawayn', '2017-11-26 07:27:58', '2017-11-26 07:27:58'),
(183, 40, 'Dicta dolorum debitis nobis hic velit. Reprehenderit labore et iusto doloribus ad laudantium dolor. Illum dolorem molestiae sit ut.', 2, 'Olin Ryan', '2017-11-26 07:27:58', '2017-11-26 07:27:58'),
(184, 20, 'Quia laudantium repellat sed quis quia vel officiis. Ad excepturi fuga modi laboriosam qui cumque rerum. Doloribus eaque voluptatum fugiat.', 1, 'Dr. Levi Flatley III', '2017-11-26 07:27:58', '2017-11-26 07:27:58'),
(185, 44, 'Maxime eum vel reprehenderit adipisci neque aut dolor. Omnis iste quo in et accusamus et nihil minima. Alias voluptas quia quo ullam doloribus. Quia tempora natus nobis.', 2, 'Mr. Jared Walker II', '2017-11-26 07:27:58', '2017-11-26 07:27:58'),
(186, 8, 'Autem voluptatem ipsum assumenda consequuntur. Non ullam assumenda incidunt. Reprehenderit aut nulla quas sunt ab.', 2, 'Bernard Reynolds PhD', '2017-11-26 07:27:58', '2017-11-26 07:27:58'),
(187, 50, 'Ex rerum vel sit suscipit totam. Repellendus qui earum magni et voluptatem et aut. Mollitia minima culpa aut consequatur aut in.', 4, 'Mr. Abner Thompson', '2017-11-26 07:27:58', '2017-11-26 07:27:58'),
(188, 25, 'Id praesentium magnam sequi aut ut molestias ut earum. Soluta placeat qui eos est aut nisi. Similique minima et aut delectus recusandae quasi est. Consequuntur cumque et maxime occaecati.', 2, 'Janae Baumbach', '2017-11-26 07:27:59', '2017-11-26 07:27:59'),
(189, 47, 'Voluptatem eius aspernatur corrupti dolores. Nihil maxime laboriosam et quasi libero. A quo optio delectus et rerum et.', 5, 'Izaiah Conn', '2017-11-26 07:27:59', '2017-11-26 07:27:59'),
(190, 21, 'Soluta explicabo nihil similique veniam distinctio. Neque incidunt maxime soluta consequatur incidunt qui. Aut similique et illo numquam.', 4, 'Colten Kuhlman', '2017-11-26 07:27:59', '2017-11-26 07:27:59'),
(191, 33, 'Eligendi sit reiciendis esse et illum omnis. Minus voluptates corrupti autem voluptas atque. Repudiandae accusantium quos aliquam expedita earum aut. Facere vel beatae velit placeat exercitationem neque sint.', 3, 'Prof. Clovis Cremin', '2017-11-26 07:27:59', '2017-11-26 07:27:59'),
(192, 46, 'Perspiciatis porro velit magni omnis. Ut sed aut est iure qui qui rem. Animi veniam sequi non cupiditate.', 3, 'Leonora Blanda', '2017-11-26 07:27:59', '2017-11-26 07:27:59'),
(193, 19, 'Error qui similique minima numquam molestiae enim. Consectetur aut autem nostrum minima totam ut dolor et. Iusto ratione ut saepe aperiam eum.', 2, 'Ms. Katheryn Gerlach III', '2017-11-26 07:27:59', '2017-11-26 07:27:59'),
(194, 23, 'Non molestiae beatae debitis sunt eum. Et pariatur voluptatem nesciunt facilis doloremque. Est provident facilis nobis voluptatem.', 5, 'Prof. Coty Leuschke Sr.', '2017-11-26 07:27:59', '2017-11-26 07:27:59'),
(195, 18, 'Eos delectus et sit ipsa. Nihil doloribus labore consequuntur sed perspiciatis consequatur. Ut in non vel facere deleniti cum. Natus unde nihil quo ducimus minima.', 4, 'Audra Murray', '2017-11-26 07:27:59', '2017-11-26 07:27:59'),
(196, 42, 'Aut ut illum et aliquam doloribus ab sunt quisquam. Et voluptate explicabo quo. Reprehenderit ad autem consequuntur dolores est. Velit voluptas sint quo nesciunt optio illum et. Veritatis voluptatum necessitatibus optio consectetur.', 5, 'Phoebe Blanda I', '2017-11-26 07:27:59', '2017-11-26 07:27:59'),
(197, 40, 'Quaerat officiis earum dicta aut qui saepe quia. Sit laborum in dolorem nihil cupiditate sit aperiam. Et unde voluptas enim est repudiandae itaque. Cupiditate nesciunt beatae sint vel.', 1, 'Sierra Barton DVM', '2017-11-26 07:27:59', '2017-11-26 07:27:59'),
(198, 45, 'Quam quod voluptas rerum et accusantium consequatur odio. Incidunt quidem ea maiores aspernatur possimus est. Aut iste dolores ipsum. Eos esse porro perspiciatis sint est.', 4, 'Matilda Muller', '2017-11-26 07:27:59', '2017-11-26 07:27:59'),
(199, 45, 'Nihil nihil harum adipisci iste at incidunt ut. Accusantium cum earum cupiditate recusandae qui. Velit mollitia aut explicabo illo quam officiis id.', 4, 'Monserrate Purdy', '2017-11-26 07:27:59', '2017-11-26 07:27:59'),
(200, 50, 'Quas magni aut quia voluptatem odit. Fugiat odio nisi suscipit ratione qui minus. Rerum ducimus delectus explicabo. Quia et consequatur veritatis.', 1, 'Stacy Dietrich', '2017-11-26 07:27:59', '2017-11-26 07:27:59'),
(201, 48, 'Officiis repellat nostrum quia et voluptas deleniti. Expedita eaque sit dolorum.', 3, 'Onie Wolf', '2017-11-26 07:28:00', '2017-11-26 07:28:00'),
(202, 43, 'Culpa alias pariatur consequatur perspiciatis dolorem quia. Veritatis voluptatem harum sunt voluptates doloremque rem qui. Temporibus dignissimos cumque nihil non quis. Explicabo alias delectus et et ut. Suscipit sint nemo qui ut aut molestias accusantium.', 2, 'Lydia Lemke II', '2017-11-26 07:28:00', '2017-11-26 07:28:00'),
(203, 8, 'Iusto aut tempore ipsam odit tempora eos quidem. Ullam ipsam quibusdam rerum est aut.', 1, 'Dr. Obie Sauer', '2017-11-26 07:28:00', '2017-11-26 07:28:00'),
(204, 14, 'Labore sit doloremque nam blanditiis. Maxime qui ut sed aliquid in numquam cumque odio.', 3, 'Prof. Jennifer Auer PhD', '2017-11-26 07:28:00', '2017-11-26 07:28:00'),
(205, 4, 'Dignissimos dolores laborum ut facere molestias inventore. Doloribus maiores magnam totam rerum ut et. Ad architecto voluptatibus enim ut eveniet molestiae laudantium. Voluptate non amet illo nihil labore ut. Ut explicabo et voluptas repellendus animi aspernatur quam.', 3, 'Casimer Mohr III', '2017-11-26 07:28:00', '2017-11-26 07:28:00'),
(206, 19, 'Quaerat quae sed ipsam. Nostrum non sunt qui aliquid corporis cupiditate. Eligendi sunt quos officiis et. Voluptas alias quod ea odio.', 1, 'Myrtle Pouros', '2017-11-26 07:28:00', '2017-11-26 07:28:00'),
(207, 37, 'Repellendus quaerat qui pariatur impedit. Nihil non voluptatem facere. Fugit eveniet et officiis dolore asperiores consectetur. Quaerat dolores tempore facilis est necessitatibus. Fugit in voluptatem in qui doloremque quas.', 5, 'Herta Kiehn', '2017-11-26 07:28:00', '2017-11-26 07:28:00'),
(208, 38, 'Nobis eos optio voluptatum harum. Odio molestias consequatur magni veritatis aut voluptatem aut inventore. Alias ratione harum doloremque reiciendis eveniet.', 3, 'Johan Thompson', '2017-11-26 07:28:00', '2017-11-26 07:28:00'),
(209, 4, 'Est cum sit est vel. Corrupti unde qui eum totam qui. Et praesentium et impedit quia et est et exercitationem.', 1, 'Michel McClure', '2017-11-26 07:28:00', '2017-11-26 07:28:00'),
(210, 17, 'Maxime nulla ea blanditiis eum. Eligendi quo sit expedita perferendis perspiciatis. Officia tenetur id amet optio incidunt. Officia esse in esse.', 5, 'Jerald Johns Sr.', '2017-11-26 07:28:00', '2017-11-26 07:28:00'),
(211, 4, 'Amet unde qui voluptatem omnis eum sit optio. Ratione et nemo dicta quidem impedit eum sed. Et optio illum quo aut vero. Qui fugiat et et ipsa ut aperiam ab.', 2, 'Theresa Morissette', '2017-11-26 07:28:00', '2017-11-26 07:28:00'),
(212, 19, 'Voluptas doloribus ut asperiores quo fugit ut quae. Ipsam consequuntur illo eligendi molestias voluptas. Enim recusandae voluptatum dolore quia omnis qui similique.', 0, 'Erna Volkman', '2017-11-26 07:28:00', '2017-11-26 07:28:00'),
(213, 32, 'Rem ratione impedit enim voluptatum rerum rerum nesciunt dicta. Amet quibusdam deleniti optio odit necessitatibus. Nulla eaque facere quae laudantium perspiciatis nam.', 3, 'Pink Kiehn', '2017-11-26 07:28:00', '2017-11-26 07:28:00');
INSERT INTO `reviews` (`id`, `product_id`, `reviews`, `star`, `customer`, `created_at`, `updated_at`) VALUES
(214, 7, 'Quis omnis laudantium quis non repellendus. Incidunt necessitatibus et eligendi. Ut laudantium alias est tempora.', 1, 'Magnus Schamberger', '2017-11-26 07:28:01', '2017-11-26 07:28:01'),
(215, 14, 'Harum velit ut et eveniet perspiciatis doloribus. Odio vel fuga soluta recusandae consequatur illo deserunt sunt. Et sed voluptates facilis voluptate quisquam molestiae. Accusamus impedit repudiandae harum rem sint molestias architecto.', 3, 'Amelie Lindgren', '2017-11-26 07:28:01', '2017-11-26 07:28:01'),
(216, 25, 'Et enim voluptatem eveniet et ea. Consequatur ut rerum commodi saepe. Non eos tempora incidunt quam. Magnam voluptatem quibusdam autem vel quia. Quos quia eveniet odit ut ullam aliquam et.', 2, 'Tristian Nienow', '2017-11-26 07:28:01', '2017-11-26 07:28:01'),
(217, 7, 'Et consequuntur vel autem magni ut. Eligendi reiciendis debitis rerum quia vel quibusdam ipsam. Atque ex commodi corrupti eum. Nulla qui quibusdam id odio tempora.', 4, 'Prof. Eliza Lakin I', '2017-11-26 07:28:01', '2017-11-26 07:28:01'),
(218, 28, 'Quo eligendi et doloremque facere. Id assumenda distinctio ea commodi dolores porro. Qui est fugit nisi natus rerum non nostrum earum. Ut aut reprehenderit voluptatem doloremque aperiam qui maiores.', 3, 'Aurore Bailey IV', '2017-11-26 07:28:01', '2017-11-26 07:28:01'),
(219, 6, 'Eum sit vero impedit reiciendis. Doloribus dolore rerum et aperiam distinctio rerum corporis minus. Repudiandae dolorem qui libero et. Nulla quod eaque enim occaecati est ex illo.', 2, 'Emil Olson', '2017-11-26 07:28:01', '2017-11-26 07:28:01'),
(220, 8, 'Sit veniam dicta qui consequatur commodi temporibus voluptatum. Voluptatem et aut aut ullam excepturi natus nemo. Nesciunt quae rem iusto et quam ab.', 0, 'Prof. Madisen Schowalter', '2017-11-26 07:28:01', '2017-11-26 07:28:01'),
(221, 6, 'Occaecati earum rem sunt. Quaerat consectetur accusamus eos nesciunt ut ut quia. Saepe natus corrupti ipsam inventore non rerum. Minima autem magni id qui ipsam.', 5, 'Albina Boehm', '2017-11-26 07:28:01', '2017-11-26 07:28:01'),
(222, 14, 'Cum atque doloremque ut mollitia. Ut reiciendis quis animi corporis deleniti. Est dolores aut quis et deleniti hic fugit.', 5, 'Vena Keeling Sr.', '2017-11-26 07:28:01', '2017-11-26 07:28:01'),
(223, 48, 'Distinctio nobis et repellendus iure. Repudiandae et ut totam. Placeat veniam quod maxime veritatis modi repellat expedita. Aut minima nulla nihil.', 2, 'Velda Hintz', '2017-11-26 07:28:01', '2017-11-26 07:28:01'),
(224, 37, 'Consequuntur ab suscipit dolores ipsum veniam ad. Voluptate porro dolorum ea qui consequatur doloremque error totam. Officiis rem soluta nemo quo rerum minus natus deserunt. Illo ut iusto sint doloremque molestiae in minus ut.', 3, 'Ken Swift', '2017-11-26 07:28:01', '2017-11-26 07:28:01'),
(225, 46, 'Corrupti repellendus nesciunt voluptates ratione laudantium veniam cumque culpa. Vel maxime qui itaque.', 0, 'Dr. Rosendo Zieme', '2017-11-26 07:28:01', '2017-11-26 07:28:01'),
(226, 40, 'Sapiente labore id repudiandae doloremque natus id. Officia odit sit necessitatibus aliquid dicta debitis blanditiis fugit. Vel culpa ut quia est reprehenderit minima veritatis.', 5, 'Gabriel Bahringer', '2017-11-26 07:28:01', '2017-11-26 07:28:01'),
(227, 47, 'Laboriosam eos odio quis exercitationem cum porro. Et voluptates magni quae et ratione et. Ut et vel ducimus harum.', 0, 'Tito Johnston', '2017-11-26 07:28:01', '2017-11-26 07:28:01'),
(228, 15, 'Sed vel iure nisi. Officia vel ut libero voluptas nihil. Voluptatem iusto ut quo.', 0, 'Katarina O''Reilly Jr.', '2017-11-26 07:28:01', '2017-11-26 07:28:01'),
(229, 38, 'Qui aut numquam porro non dolore eius. Nobis quod ullam velit molestiae voluptatum vel. Deserunt recusandae perferendis nihil velit libero architecto ut.', 1, 'Austin King Sr.', '2017-11-26 07:28:01', '2017-11-26 07:28:01'),
(230, 33, 'Deleniti quibusdam illo qui ut minima sequi maxime. Consequatur vitae iure recusandae quia fuga aliquam in. Deserunt blanditiis laboriosam tenetur. Recusandae assumenda quia assumenda officiis nam recusandae praesentium quia.', 1, 'Shanie Stracke', '2017-11-26 07:28:01', '2017-11-26 07:28:01'),
(231, 48, 'Quod occaecati esse dolorum omnis ut. Doloribus quia voluptas omnis autem omnis. Fugiat aut non vitae incidunt. Eos dolor repudiandae impedit ut quae quia fugit placeat. In ullam corrupti molestiae assumenda et.', 2, 'Dr. Tiana Schiller', '2017-11-26 07:28:01', '2017-11-26 07:28:01'),
(232, 22, 'Error sapiente suscipit magnam illo impedit commodi in ut. Libero maiores explicabo quam aliquid non voluptatum qui voluptatibus. Qui velit consequatur ratione placeat vel odit. Id nihil officia minima maxime quibusdam.', 3, 'Prof. Name Rosenbaum DVM', '2017-11-26 07:28:01', '2017-11-26 07:28:01'),
(233, 45, 'Nesciunt sint itaque voluptas eaque. Aut explicabo corrupti omnis commodi ex deserunt maxime. Pariatur est est iure molestiae enim.', 0, 'Mrs. Alva Langworth', '2017-11-26 07:28:02', '2017-11-26 07:28:02'),
(234, 30, 'Expedita laborum odit ratione deleniti qui iure impedit. Aut asperiores aut provident aut ut.', 0, 'Dr. Anderson Gottlieb', '2017-11-26 07:28:02', '2017-11-26 07:28:02'),
(235, 5, 'In voluptas aut velit ea odit atque. Temporibus pariatur sed voluptatum ea non accusamus. Illo aliquid facilis laboriosam optio maiores accusamus.', 3, 'Jaylin Waelchi I', '2017-11-26 07:28:02', '2017-11-26 07:28:02'),
(236, 49, 'Deleniti non reiciendis voluptas possimus doloribus dignissimos sit. Nulla quam iusto eum beatae non quam. Velit totam omnis nulla.', 3, 'Cecile Reynolds', '2017-11-26 07:28:02', '2017-11-26 07:28:02'),
(237, 40, 'Ut ipsum optio aliquam incidunt quia maxime neque. Itaque asperiores nam eligendi ipsa id voluptates. Modi tempore repudiandae modi repellendus.', 0, 'Cydney Okuneva', '2017-11-26 07:28:02', '2017-11-26 07:28:02'),
(238, 44, 'Blanditiis non ut velit id non sint corrupti. Sint quae ut aut. Officia et et qui nemo aut.', 0, 'Margarette Keeling', '2017-11-26 07:28:02', '2017-11-26 07:28:02'),
(239, 44, 'Facere voluptatibus nesciunt necessitatibus sit voluptatum cum. Nihil quia tempora autem possimus ratione et mollitia. A dolores numquam ullam qui aperiam in. Voluptatum perferendis pariatur amet aperiam. Veritatis quibusdam possimus error commodi placeat autem neque et.', 2, 'Coralie Mosciski', '2017-11-26 07:28:02', '2017-11-26 07:28:02'),
(240, 27, 'Et aspernatur recusandae facere non quia dolore reprehenderit. Neque rerum tenetur id sed numquam maxime ut. Nemo eius sequi veritatis enim eos necessitatibus. Dolor natus qui sunt et.', 0, 'Melisa Hauck', '2017-11-26 07:28:02', '2017-11-26 07:28:02'),
(241, 34, 'Aspernatur quis voluptate sint eius temporibus similique. Autem molestias exercitationem ipsa quia aut. Sit accusantium perferendis quaerat atque ut.', 4, 'Mr. Arden Wiegand Sr.', '2017-11-26 07:28:02', '2017-11-26 07:28:02'),
(242, 32, 'Sed itaque ut mollitia tempora impedit autem velit. Quas ut at ut ea quae. Nesciunt iure hic earum consequatur. Vel quibusdam consectetur totam officiis ut perspiciatis.', 0, 'Genesis Reinger', '2017-11-26 07:28:02', '2017-11-26 07:28:02'),
(243, 29, 'Repudiandae velit omnis eveniet quis praesentium recusandae aut aut. Eius eum quae tenetur nisi.', 4, 'Prof. Buddy Bogisich', '2017-11-26 07:28:02', '2017-11-26 07:28:02'),
(244, 11, 'Repellat ut perferendis qui similique. Amet eveniet consectetur autem eum aspernatur. Magnam ea sint qui rerum. Veniam minus culpa consequatur est saepe omnis est consequuntur.', 5, 'Elmira Raynor', '2017-11-26 07:28:02', '2017-11-26 07:28:02'),
(245, 25, 'Et qui quia vitae aliquid sed architecto qui. Illum praesentium distinctio alias alias. Recusandae debitis repellendus non laborum sed eos.', 4, 'Francisca Dicki', '2017-11-26 07:28:02', '2017-11-26 07:28:02'),
(246, 28, 'Sit molestiae sint dolorem voluptas dolorum accusamus. Suscipit facilis ipsam qui explicabo laudantium sapiente ad. Libero nemo sit provident saepe eaque voluptatem. Velit neque sequi sint nihil quidem amet dolorum quisquam.', 2, 'Genesis Bashirian', '2017-11-26 07:28:02', '2017-11-26 07:28:02'),
(247, 17, 'Ullam exercitationem natus debitis nesciunt et. Dicta fuga autem iusto qui iste. Eum delectus ipsum sit aliquid dolore. Tempore eos sit et totam culpa voluptatem quo.', 2, 'Prof. Orlando Jenkins II', '2017-11-26 07:28:02', '2017-11-26 07:28:02'),
(248, 42, 'Rerum ipsam sint quisquam molestiae. Neque autem fugit alias autem neque sit. Ex repellat sed nam consequatur omnis. Libero sunt consequuntur in unde.', 2, 'Michael O''Connell', '2017-11-26 07:28:02', '2017-11-26 07:28:02'),
(249, 14, 'Sed sint ipsa sit molestias dolor eligendi. Quisquam sapiente dicta laborum et non reprehenderit. Rerum reprehenderit aliquam magnam optio sunt distinctio error.', 1, 'Antonio Stokes', '2017-11-26 07:28:02', '2017-11-26 07:28:02'),
(250, 43, 'Provident voluptatem sunt quidem ea. Ea nobis voluptas sint. Voluptatem velit sunt qui.', 4, 'Karolann Tillman', '2017-11-26 07:28:02', '2017-11-26 07:28:02'),
(251, 7, 'Sit ullam voluptatum mollitia ipsam. Illo laborum sit est ut id. Consequatur natus dolorum tempora at.', 4, 'Maymie Trantow', '2017-11-26 07:28:02', '2017-11-26 07:28:02'),
(252, 11, 'Voluptas aut ut beatae et iusto iure. Necessitatibus doloremque neque omnis. Quos maiores nihil et molestiae qui qui consequuntur. Sed fugiat veniam illum sint.', 4, 'Tessie Dietrich', '2017-11-26 07:28:03', '2017-11-26 07:28:03'),
(253, 13, 'Minima quo porro ab. Numquam quibusdam natus fugiat. Id voluptate corporis aspernatur ea est sed sit. Id distinctio harum doloremque et impedit omnis suscipit.', 1, 'Alvah Breitenberg', '2017-11-26 07:28:03', '2017-11-26 07:28:03'),
(254, 49, 'Ab tempore atque ut ea. Nulla possimus ut dignissimos accusamus maxime occaecati quia. Qui pariatur minus non nisi consequuntur ipsum soluta. Earum qui maiores quo est iste.', 3, 'Ben Marks Sr.', '2017-11-26 07:28:03', '2017-11-26 07:28:03'),
(255, 46, 'Repellendus vero aliquam ipsum sapiente. Vero qui consequatur est dolor voluptas omnis voluptates. Sed eaque reprehenderit voluptas inventore ipsum.', 3, 'Miss Celia Barton MD', '2017-11-26 07:28:03', '2017-11-26 07:28:03'),
(256, 1, 'Delectus labore ea dicta qui. Minima necessitatibus optio error minima odio tempore rerum. Accusantium itaque sed aperiam voluptas eius. A dolore in similique autem dolorem aut dolorum quibusdam.', 1, 'Stanley Renner PhD', '2017-11-26 07:28:03', '2017-11-26 07:28:03'),
(257, 22, 'Sunt sit eos asperiores. Impedit consequatur nihil voluptates cumque nihil possimus consequuntur. Aut porro porro dolor explicabo quia nobis. Nihil illum sed laborum quo rerum quisquam.', 0, 'Isabell Zemlak II', '2017-11-26 07:28:03', '2017-11-26 07:28:03'),
(258, 4, 'Qui quo amet exercitationem deserunt. Omnis porro sit sit et dolores dolores nisi. Commodi sit accusamus similique qui et labore aliquam. Rem ex sunt quasi sint qui.', 0, 'Mr. Sammy Huel II', '2017-11-26 07:28:03', '2017-11-26 07:28:03'),
(259, 3, 'Debitis ratione harum harum nam. Laudantium non adipisci qui eos ex et. Laboriosam non illum sunt hic aliquid. Atque corrupti reiciendis numquam incidunt aut.', 3, 'Watson Schultz', '2017-11-26 07:28:03', '2017-11-26 07:28:03'),
(260, 12, 'Exercitationem aut eos minima id. Explicabo similique sunt est enim inventore debitis. Qui consequatur id voluptatem alias.', 0, 'Anika Powlowski', '2017-11-26 07:28:04', '2017-11-26 07:28:04'),
(261, 17, 'Et ab sint voluptatem voluptatibus aut dolorem esse. Ratione illo consequatur aut qui. Fugit animi dolor blanditiis voluptas enim.', 1, 'Dr. Kale Eichmann DDS', '2017-11-26 07:28:04', '2017-11-26 07:28:04'),
(262, 2, 'Iure ab similique dolore atque. Provident quia quidem aut a fugiat sit qui. Dignissimos eveniet dolorem iure sunt sed aut.', 5, 'Mitchell Koch DDS', '2017-11-26 07:28:04', '2017-11-26 07:28:04'),
(263, 34, 'Quas qui atque sequi dolores. Maxime dolores consequatur alias sit. Nesciunt odit aut repellat commodi dolor soluta laborum. Iusto porro aut eos delectus ipsa. Nesciunt aut doloribus velit fuga.', 2, 'Aracely Mitchell', '2017-11-26 07:28:04', '2017-11-26 07:28:04'),
(264, 43, 'Vero aut non qui. Facere numquam et animi aspernatur quas nam. Autem magni numquam sapiente in nihil.', 3, 'Noble Kulas', '2017-11-26 07:28:04', '2017-11-26 07:28:04'),
(265, 28, 'Dolores blanditiis officiis odio nihil autem sit hic asperiores. Deleniti non a vel voluptates vero. Quos magnam rerum eligendi.', 5, 'Aglae Lesch', '2017-11-26 07:28:04', '2017-11-26 07:28:04'),
(266, 25, 'Exercitationem velit qui exercitationem dolorem nobis enim praesentium totam. Eaque nihil in voluptatem ea facilis. Nihil aut neque dolores doloribus unde molestias. Et dignissimos in molestiae nihil.', 0, 'Winona Murazik', '2017-11-26 07:28:04', '2017-11-26 07:28:04'),
(267, 12, 'Dolores quae ipsa consequuntur itaque praesentium accusamus quam. Rerum eligendi voluptatibus expedita soluta. Officiis nihil sunt est praesentium sapiente consectetur.', 3, 'Kaela Hudson', '2017-11-26 07:28:04', '2017-11-26 07:28:04'),
(268, 42, 'Modi aut dolore est quae dolorum numquam eligendi temporibus. Consequatur molestiae sint perspiciatis. Non placeat et sed sapiente aliquam.', 3, 'Abbigail Upton', '2017-11-26 07:28:04', '2017-11-26 07:28:04'),
(269, 40, 'Eaque non placeat non nihil provident et nisi. Reprehenderit dolorem et magni temporibus molestiae. Aut quia quia sequi iure molestiae quia. Impedit doloremque aut adipisci inventore reprehenderit.', 3, 'Norris Simonis IV', '2017-11-26 07:28:04', '2017-11-26 07:28:04'),
(270, 47, 'Dolorum deserunt in numquam veritatis dolor magnam dolores et. Qui nostrum et labore. Adipisci debitis consequatur assumenda.', 3, 'Jerome Towne', '2017-11-26 07:28:05', '2017-11-26 07:28:05'),
(271, 12, 'Eos eos quaerat molestias ut repellat illo quia est. Pariatur odit ipsum et officiis aliquam excepturi dolorum. Occaecati architecto ut temporibus quaerat soluta ut et.', 1, 'Estefania Nolan', '2017-11-26 07:28:05', '2017-11-26 07:28:05'),
(272, 48, 'Neque consequatur voluptas modi officiis minima unde. Quo dolorum quae distinctio tempora repellendus blanditiis dolorem est. Odit libero iure at. Et ab fugit velit mollitia. Quia non animi facilis rerum tempore dolores.', 4, 'Jacky Nikolaus', '2017-11-26 07:28:05', '2017-11-26 07:28:05'),
(273, 18, 'Qui ut ratione dicta sit et sed. Sed aperiam quam consequatur veniam a dignissimos error. Illum qui aut quam dolores eum.', 2, 'Glenna Parisian', '2017-11-26 07:28:05', '2017-11-26 07:28:05'),
(274, 47, 'Delectus aperiam explicabo alias aut veritatis voluptatibus iure. Itaque sit quibusdam quos ipsa enim saepe porro ut. Qui excepturi quidem reprehenderit ab omnis. Nisi et autem autem iste consequatur.', 4, 'Meagan Bergstrom II', '2017-11-26 07:28:05', '2017-11-26 07:28:05'),
(275, 24, 'Autem quia ea aut qui neque. Fuga et veniam illum asperiores. Qui blanditiis est possimus quaerat autem quam. Expedita molestiae commodi quos maxime voluptate. Voluptas est voluptates ut totam.', 1, 'Alessandra Gutmann', '2017-11-26 07:28:05', '2017-11-26 07:28:05'),
(276, 37, 'Omnis incidunt similique eum error nemo qui. Maxime incidunt laboriosam repellendus ad quia aut. Qui nihil itaque laboriosam iste quasi asperiores. Cum adipisci magni libero.', 5, 'Guiseppe Simonis', '2017-11-26 07:28:05', '2017-11-26 07:28:05'),
(277, 20, 'Ullam aut mollitia tempora provident et facere dolorem et. Qui libero illum atque tempora. Iure rerum aperiam nam ipsam quibusdam consectetur commodi. Nihil rerum similique ut expedita hic. Recusandae ullam enim dolores animi in.', 0, 'Pat Bayer', '2017-11-26 07:28:05', '2017-11-26 07:28:05'),
(278, 36, 'Maiores odio deleniti dolor officiis. Aut sit sint voluptatibus est. Beatae ut velit vel facere assumenda.', 4, 'Henderson Schroeder', '2017-11-26 07:28:05', '2017-11-26 07:28:05'),
(279, 29, 'Iste aperiam aut quos in. Quia nihil velit cupiditate perferendis. Praesentium eum consectetur quae asperiores fuga nisi itaque est. Et nemo quia commodi ut placeat.', 1, 'Jaquelin Hudson V', '2017-11-26 07:28:05', '2017-11-26 07:28:05'),
(280, 27, 'Enim et ducimus omnis impedit reprehenderit illum possimus. Perferendis similique et dolorum et. Repudiandae quam voluptatem incidunt magni architecto eum tempora assumenda. Et rem culpa nostrum quae consequatur consequatur.', 0, 'Sandra Schroeder', '2017-11-26 07:28:05', '2017-11-26 07:28:05'),
(281, 36, 'Deleniti sed labore accusantium ipsum non et. Qui corrupti est doloribus qui illum. Ullam et et sequi hic perspiciatis. Illum nisi facere non nam numquam quo.', 2, 'Jose Mosciski DVM', '2017-11-26 07:28:05', '2017-11-26 07:28:05'),
(282, 4, 'Eum fugit perferendis quaerat occaecati adipisci. Pariatur asperiores deleniti voluptatem. Vel quo ut sint quia rem. Dolore necessitatibus quis asperiores rem exercitationem porro.', 5, 'Dr. Jamison Senger DDS', '2017-11-26 07:28:05', '2017-11-26 07:28:05'),
(283, 1, 'Corporis et accusantium nihil veniam modi. Provident voluptas nemo est amet excepturi ducimus.', 2, 'Mrs. Lelia Leffler Jr.', '2017-11-26 07:28:05', '2017-11-26 07:28:05'),
(284, 37, 'Vel sed voluptatem soluta laborum. Eum nisi quae aut explicabo maiores deleniti iusto. Error fuga assumenda optio placeat.', 5, 'Rachel Lakin MD', '2017-11-26 07:28:05', '2017-11-26 07:28:05'),
(285, 33, 'Ut nobis deleniti voluptas laborum. Quos nesciunt itaque et qui doloremque eligendi. Tempore architecto libero dolor perspiciatis.', 0, 'Ms. Stella Walsh Sr.', '2017-11-26 07:28:05', '2017-11-26 07:28:05'),
(286, 36, 'Nulla maiores recusandae similique nemo magni vel rerum eum. Aut alias placeat corporis aliquam. Corrupti dolorem impedit sed ex sequi aut sunt delectus.', 0, 'Travis Rice', '2017-11-26 07:28:05', '2017-11-26 07:28:05'),
(287, 11, 'Ullam ut consequatur ullam eveniet. Eos est hic ab est unde consequatur. Error temporibus dolorem sint aut error voluptate. Quis quibusdam quam sunt ut.', 1, 'Jackie Miller DVM', '2017-11-26 07:28:05', '2017-11-26 07:28:05'),
(288, 20, 'Expedita possimus voluptas dolores quo consequatur voluptas. Sunt est nostrum ea quidem tenetur.', 4, 'Celestino Hartmann I', '2017-11-26 07:28:05', '2017-11-26 07:28:05'),
(289, 32, 'Earum suscipit voluptas distinctio atque molestiae quis quam dignissimos. Incidunt veritatis quasi iure minima sequi ipsam. Veritatis ut quam saepe eum vero id aspernatur. Aut quas dolor hic dolorem quo cum iste.', 5, 'Jakob Wilderman', '2017-11-26 07:28:05', '2017-11-26 07:28:05'),
(290, 33, 'Ipsam ea velit molestiae voluptatem at velit dolorem. Voluptatem consectetur aut dolor necessitatibus. Qui sed tempore suscipit. Ullam adipisci quos voluptas est velit repellat in.', 4, 'Zechariah Zieme PhD', '2017-11-26 07:28:05', '2017-11-26 07:28:05'),
(291, 37, 'Dolorem ducimus rerum nemo sed earum saepe. Mollitia adipisci nihil reprehenderit reiciendis sunt vel eum. Dolor dolores quibusdam repellat ut. Omnis consequatur qui veniam accusantium quo.', 0, 'Cristobal Johns', '2017-11-26 07:28:05', '2017-11-26 07:28:05'),
(292, 36, 'Sunt voluptas facilis nihil necessitatibus. Et officiis maxime blanditiis officiis. Omnis id quia placeat reiciendis. Pariatur quia qui ipsam corporis enim.', 1, 'Loy Hills', '2017-11-26 07:28:05', '2017-11-26 07:28:05'),
(293, 45, 'Eum quisquam et eaque fugit illo sunt. Rerum odit magni sequi. Non architecto quaerat non reprehenderit et est tempora. Sed cum delectus iure aut.', 1, 'Margarete Bradtke', '2017-11-26 07:28:06', '2017-11-26 07:28:06'),
(294, 37, 'Et autem nemo suscipit qui quibusdam error nemo repudiandae. A et modi sapiente dignissimos minima ullam deserunt aut. Repudiandae ipsam id libero doloribus aliquam vel.', 5, 'Ines Prohaska', '2017-11-26 07:28:06', '2017-11-26 07:28:06'),
(295, 18, 'Odio temporibus animi facilis amet. Tenetur nostrum itaque recusandae amet totam sit id perspiciatis. Magnam impedit dolor quia rerum consequatur qui autem.', 4, 'Jadyn Gerhold', '2017-11-26 07:28:06', '2017-11-26 07:28:06'),
(296, 23, 'Est rerum ex hic iure doloremque tenetur voluptatem. Assumenda mollitia nihil fugiat autem inventore. Et qui similique possimus earum. Quia ipsum voluptas rerum quam minus ut. Doloribus doloribus ut odit excepturi repudiandae quos voluptas omnis.', 0, 'Ms. Trycia Yundt', '2017-11-26 07:28:06', '2017-11-26 07:28:06'),
(297, 13, 'Et a adipisci delectus cumque ut sit et dolor. Nihil magni ab quis.', 5, 'Prof. Kelsie Raynor', '2017-11-26 07:28:06', '2017-11-26 07:28:06'),
(298, 31, 'Rerum repellat iusto mollitia optio mollitia. Consequuntur rem recusandae quisquam debitis minima soluta facilis. Voluptas vel id doloribus et cumque id cum laudantium. Quas non blanditiis vitae ratione quam magni.', 1, 'Mrs. Fanny Zboncak MD', '2017-11-26 07:28:06', '2017-11-26 07:28:06'),
(299, 15, 'Maiores a reiciendis non dolores ad numquam quis consequuntur. Molestias voluptas vero et tempora in dignissimos explicabo aut. Hic saepe natus quis reiciendis atque repudiandae quisquam. Nostrum rerum iusto error omnis.', 5, 'Orville Brown', '2017-11-26 07:28:06', '2017-11-26 07:28:06'),
(300, 17, 'Consectetur corrupti earum fugiat rerum placeat ad. Ipsam dolores est modi molestias ab iure molestiae aperiam. Nihil harum quam modi perferendis doloremque earum atque et.', 4, 'Dahlia Kohler', '2017-11-26 07:28:06', '2017-11-26 07:28:06');

-- --------------------------------------------------------

--
-- Table structure for table `users`
--

CREATE TABLE `users` (
  `id` int(10) UNSIGNED NOT NULL,
  `name` varchar(191) COLLATE utf8mb4_unicode_ci NOT NULL,
  `email` varchar(191) COLLATE utf8mb4_unicode_ci NOT NULL,
  `password` varchar(191) COLLATE utf8mb4_unicode_ci NOT NULL,
  `remember_token` varchar(100) COLLATE utf8mb4_unicode_ci DEFAULT NULL,
  `created_at` timestamp NULL DEFAULT NULL,
  `updated_at` timestamp NULL DEFAULT NULL
) ENGINE=InnoDB DEFAULT CHARSET=utf8mb4 COLLATE=utf8mb4_unicode_ci;

--
-- Indexes for dumped tables
--

--
-- Indexes for table `migrations`
--
ALTER TABLE `migrations`
  ADD PRIMARY KEY (`id`);

--
-- Indexes for table `password_resets`
--
ALTER TABLE `password_resets`
  ADD KEY `password_resets_email_index` (`email`);

--
-- Indexes for table `products`
--
ALTER TABLE `products`
  ADD PRIMARY KEY (`id`);

--
-- Indexes for table `reviews`
--
ALTER TABLE `reviews`
  ADD PRIMARY KEY (`id`),
  ADD KEY `reviews_product_id_index` (`product_id`);

--
-- Indexes for table `users`
--
ALTER TABLE `users`
  ADD PRIMARY KEY (`id`);

--
-- AUTO_INCREMENT for dumped tables
--

--
-- AUTO_INCREMENT for table `migrations`
--
ALTER TABLE `migrations`
  MODIFY `id` int(10) UNSIGNED NOT NULL AUTO_INCREMENT, AUTO_INCREMENT=17;
--
-- AUTO_INCREMENT for table `products`
--
ALTER TABLE `products`
  MODIFY `id` int(10) UNSIGNED NOT NULL AUTO_INCREMENT, AUTO_INCREMENT=51;
--
-- AUTO_INCREMENT for table `reviews`
--
ALTER TABLE `reviews`
  MODIFY `id` int(10) UNSIGNED NOT NULL AUTO_INCREMENT, AUTO_INCREMENT=301;
--
-- AUTO_INCREMENT for table `users`
--
ALTER TABLE `users`
  MODIFY `id` int(10) UNSIGNED NOT NULL AUTO_INCREMENT;
--
-- Constraints for dumped tables
--

--
-- Constraints for table `reviews`
--
ALTER TABLE `reviews`
  ADD CONSTRAINT `reviews_product_id_foreign` FOREIGN KEY (`product_id`) REFERENCES `products` (`id`) ON DELETE CASCADE;

/*!40101 SET CHARACTER_SET_CLIENT=@OLD_CHARACTER_SET_CLIENT */;
/*!40101 SET CHARACTER_SET_RESULTS=@OLD_CHARACTER_SET_RESULTS */;
/*!40101 SET COLLATION_CONNECTION=@OLD_COLLATION_CONNECTION */;
